generation,member,mean_conc,ar_rate,nsga2_front,nsga2_crowding_distance,spea2_unconstrained_fitness,spea2_constrained_fitness,is_feasible,feasible_distance
0,gen=0_member=99,0.00743965,8,1,-999,0.5,0.5,1,-999
2,gen=0_member=99,0.00743965,8,2,-999,0.498273,0.498273,1,-999
2,gen=2_member=154_pso,0.000507549,8,1,1e+30,2.49827,2.49827,1,-999
2,gen=2_member=153_pso,0.155566,6.29021,1,1e+30,0.287068,0.287068,1,-999
2,gen=2_member=111_pso,0.00742381,7.76629,1,0,2.44769,2.44769,1,-999
3,gen=2_member=154_pso,0.000507549,8,2,1e+30,0.43325,0.43325,1,-999
3,gen=2_member=153_pso,0.155566,6.29021,2,1e+30,0.456237,0.456237,1,-999
3,gen=2_member=111_pso,0.00742381,7.76629,2,0,0.447665,0.447665,1,-999
3,gen=3_member=265_pso,0.00050059,8,1,1e+30,1.43325,1.43325,1,-999
3,gen=3_member=234_pso,0.251606,5.9146,1,1e+30,0.418815,0.418815,1,-999
3,gen=3_member=284_pso,0.130931,6.28752,1,0.514841,1.45603,1.45603,1,-999
3,gen=3_member=253_pso,0.0363793,6.97884,1,0.451546,0.370678,0.370678,1,-999
3,gen=3_member=230_pso,0.165659,6.19796,1,0.162405,0.476395,0.476395,1,-999
3,gen=3_member=246_pso,0.0175456,7.27488,1,0.131599,0.413691,0.413691,1,-999
3,gen=3_member=270_pso,0.00333395,7.60996,1,0.0604451,2.4282,2.4282,1,-999
3,gen=3_member=297_pso,0.00236749,7.69187,1,0.0112835,2.43325,2.43325,1,-999
3,gen=3_member=244_pso,0.171712,6.09904,1,0,0.456031,0.456031,1,-999
4,gen=3_member=265_pso,0.00050059,8,2,1e+30,0.43325,0.43325,1,-999
4,gen=3_member=234_pso,0.251606,5.9146,1,1e+30,0.418068,0.418068,1,-999
4,gen=3_member=284_pso,0.130931,6.28752,1,0.117167,0.456031,0.456031,1,-999
4,gen=3_member=253_pso,0.0363793,6.97884,1,0.0618821,0.469243,0.469243,1,-999
4,gen=3_member=230_pso,0.165659,6.19796,1,0.138618,0.449608,0.449608,1,-999
4,gen=3_member=246_pso,0.0175456,7.27488,2,1e+30,0.450184,0.450184,1,-999
4,gen=3_member=270_pso,0.00333395,7.60996,1,0.00774706,0.449764,0.449764,1,-999
4,gen=3_member=297_pso,0.00236749,7.69187,1,0.00579639,0.461426,0.461426,1,-999
4,gen=3_member=244_pso,0.171712,6.09904,1,0,0.454338,0.454338,1,-999
4,gen=4_member=320_pso,0.000474741,8,1,1e+30,1.43325,1.43325,1,-999
4,gen=4_member=391_pso,0.107476,6.41443,1,0.265176,0.435462,0.435462,1,-999
4,gen=4_member=323_pso,0.0643371,6.70769,1,0.213395,0.440028,0.440028,1,-999
4,gen=4_member=315_pso,0.136901,6.25618,1,0.138284,0.462755,0.462755,1,-999
4,gen=4_member=311_pso,0.0173692,7.18439,1,0.0858057,1.45404,1.45404,1,-999
4,gen=4_member=340_pso,0.0459754,6.87644,1,0.0664947,0.460884,0.460884,1,-999
4,gen=4_member=305_pso,0.0289364,7.09424,1,0.0520275,0.458506,0.458506,1,-999
4,gen=4_member=313_pso,0.00738792,7.38661,1,0.0511565,0.449764,0.449764,1,-999
4,gen=4_member=368_pso,0.0538861,6.80258,1,0.0448329,0.459321,0.459321,1,-999
4,gen=4_member=331_pso,0.0530782,6.84881,1,0.0315001,0.466947,0.466947,1,-999
4,gen=4_member=335_pso,0.0304349,7.05394,1,0.0296372,0.459099,0.459099,1,-999
4,gen=4_member=310_pso,0.00452216,7.52469,1,0.0161428,0.461426,0.461426,1,-999
4,gen=4_member=330_pso,0.00112098,7.85459,1,0.0064775,0.46238,0.46238,1,-999
4,gen=4_member=309_pso,0.00257663,7.66486,1,0.00384843,0.456675,0.456675,1,-999
4,gen=4_member=318_pso,0.000740784,7.93988,1,0.0025733,0.444836,0.444836,1,-999
5,gen=3_member=234_pso,0.251606,5.9146,1,1e+30,0.421501,0.421501,1,-999
5,gen=4_member=320_pso,0.000474741,8,1,1e+30,0.432711,0.432711,1,-999
5,gen=4_member=391_pso,0.107476,6.41443,1,0.0998608,0.453893,0.453893,1,-999
5,gen=4_member=323_pso,0.0643371,6.70769,1,0.0418086,0.466947,0.466947,1,-999
5,gen=3_member=230_pso,0.165659,6.19796,2,1e+30,0.474784,0.474784,1,-999
5,gen=4_member=315_pso,0.136901,6.25618,1,0.0501573,0.480381,0.480381,1,-999
5,gen=3_member=284_pso,0.130931,6.28752,1,0.0301333,0.47396,0.47396,1,-999
5,gen=4_member=311_pso,0.0173692,7.18439,1,0.0269879,0.486626,0.486626,1,-999
5,gen=4_member=340_pso,0.0459754,6.87644,1,0.0315124,0.475546,0.475546,1,-999
5,gen=3_member=253_pso,0.0363793,6.97884,1,0.0185327,0.473411,0.473411,1,-999
5,gen=4_member=305_pso,0.0289364,7.09424,2,0.30967,0.478266,0.478266,1,-999
5,gen=4_member=313_pso,0.00738792,7.38661,1,0.00691973,0.469591,0.469591,1,-999
5,gen=4_member=368_pso,0.0538861,6.80258,1,0.0558196,0.472076,0.472076,1,-999
5,gen=4_member=331_pso,0.0530782,6.84881,2,0,0.469243,0.469243,1,-999
5,gen=4_member=335_pso,0.0304349,7.05394,1,0.0191923,0.479992,0.479992,1,-999
5,gen=4_member=310_pso,0.00452216,7.52469,1,0.00525139,0.467703,0.467703,1,-999
5,gen=3_member=270_pso,0.00333395,7.60996,1,0.00686463,0.479553,0.479553,1,-999
5,gen=4_member=330_pso,0.00112098,7.85459,1,0.00199396,0.461766,0.461766,1,-999
5,gen=3_member=297_pso,0.00236749,7.69187,1,0.00338578,0.475949,0.475949,1,-999
5,gen=4_member=309_pso,0.00257663,7.66486,2,1e+30,0.469907,0.469907,1,-999
5,gen=4_member=318_pso,0.000740784,7.93988,1,0.00165999,0.444267,0.444267,1,-999
5,gen=3_member=244_pso,0.171712,6.09904,1,0.0878871,0.456031,0.456031,1,-999
5,gen=5_member=472_pso,0.0973489,6.56774,1,0.136542,0.447921,0.447921,1,-999
5,gen=5_member=414_pso,0.152694,6.17981,1,0.103818,1.47396,1.47396,1,-999
5,gen=5_member=418_pso,0.0731863,6.63572,1,0.102911,0.454261,0.454261,1,-999
5,gen=5_member=478_pso,0.122427,6.33656,1,0.071676,0.466158,0.466158,1,-999
5,gen=5_member=424_pso,0.14564,6.21489,1,0.0628874,0.471978,0.471978,1,-999
5,gen=5_member=434_pso,0.125476,6.31249,1,0.0338631,0.471393,0.471393,1,-999
5,gen=5_member=461_pso,0.0503191,6.8358,1,0.0315001,1.46826,1.46826,1,-999
5,gen=5_member=430_pso,0.0239819,7.14822,1,0.029328,0.486024,0.486024,1,-999
5,gen=5_member=470_pso,0.0715048,6.64868,1,0.0285901,0.456974,0.456974,1,-999
5,gen=5_member=465_pso,0.0660064,6.69536,1,0.0283487,0.467005,0.467005,1,-999
5,gen=5_member=411_pso,0.133044,6.2677,1,0.02377,0.478456,0.478456,1,-999
5,gen=5_member=453_pso,0.0323251,7.02983,1,0.0236704,0.474896,0.474896,1,-999
5,gen=5_member=436_pso,0.0275053,7.09081,1,0.0225404,1.47753,1.47753,1,-999
5,gen=5_member=462_pso,0.0414492,6.93226,1,0.0216065,0.476646,0.476646,1,-999
5,gen=5_member=479_pso,0.0369793,6.97206,1,0.0201885,0.471892,0.471892,1,-999
5,gen=5_member=481_pso,0.0134672,7.20248,1,0.0198571,0.483949,0.483949,1,-999
5,gen=5_member=429_pso,0.0424053,6.92033,1,0.0180231,0.473941,0.473941,1,-999
5,gen=5_member=440_pso,0.0172044,7.18621,1,0.0155376,0.487059,0.487059,1,-999
5,gen=5_member=449_pso,0.0247743,7.13529,1,0.0110341,0.483526,0.483526,1,-999
5,gen=5_member=420_pso,0.00646839,7.4305,1,0.0108914,0.466104,0.466104,1,-999
5,gen=5_member=467_pso,0.00997817,7.29499,1,0.00910833,0.47809,0.47809,1,-999
5,gen=5_member=457_pso,0.00465274,7.51609,1,0.00774985,0.465973,0.465973,1,-999
5,gen=5_member=496_pso,0.00832366,7.35699,1,0.00705614,0.472157,0.472157,1,-999
5,gen=5_member=407_pso,0.0643855,6.70095,1,0.00664717,0.467896,0.467896,1,-999
5,gen=5_member=483_pso,0.0113706,7.26319,1,0.00604706,0.480993,0.480993,1,-999
5,gen=5_member=474_pso,0.010611,7.28511,1,0.00554447,0.480151,0.480151,1,-999
5,gen=5_member=425_pso,0.0122176,7.2337,1,0.00532594,0.485124,0.485124,1,-999
5,gen=5_member=443_pso,0.00156612,7.79293,1,0.00496358,0.469306,0.469306,1,-999
5,gen=5_member=409_pso,0.00820615,7.35966,1,0.0037261,0.471561,0.471561,1,-999
5,gen=5_member=488_pso,0.0121297,7.23911,1,0.00337303,0.4864,0.4864,1,-999
5,gen=5_member=441_pso,0.0247343,7.13711,1,0.0031553,0.483949,0.483949,1,-999
5,gen=5_member=438_pso,0.00279824,7.64919,1,0.00235283,0.470697,0.470697,1,-999
5,gen=5_member=419_pso,0.002564,7.66213,1,0.00130085,1.46931,1.46931,1,-999
5,gen=5_member=482_pso,0.000891618,7.90038,1,0.00129251,0.452204,0.452204,1,-999
5,gen=5_member=431_pso,0.00274308,7.65348,1,0.000932737,0.469749,0.469749,1,-999
5,gen=5_member=475_pso,0.00106537,7.86639,1,0.000913303,0.459262,0.459262,1,-999
5,gen=5_member=460_pso,0.0024164,7.68899,1,0.000782506,0.475299,0.475299,1,-999
5,gen=5_member=405_pso,0.174765,6.09213,1,0,0.455904,0.455904,1,-999
6,gen=3_member=234_pso,0.251606,5.9146,2,1e+30,0.459819,0.459819,1,-999
6,gen=4_member=320_pso,0.000474741,8,1,1e+30,0.453089,0.453089,1,-999
6,gen=5_member=472_pso,0.0973489,6.56774,2,0,0.471244,0.471244,1,-999
6,gen=5_member=414_pso,0.152694,6.17981,1,0.0659594,0.478373,0.478373,1,-999
6,gen=5_member=418_pso,0.0731863,6.63572,1,0.0308867,0.482506,0.482506,1,-999
6,gen=4_member=391_pso,0.107476,6.41443,1,0.0786962,0.469689,0.469689,1,-999
6,gen=3_member=244_pso,0.171712,6.09904,1,0.0449007,0.471978,0.471978,1,-999
6,gen=5_member=478_pso,0.122427,6.33656,1,0.0177792,0.480381,0.480381,1,-999
6,gen=5_member=424_pso,0.14564,6.21489,1,0.0378251,0.471978,0.471978,1,-999
6,gen=4_member=368_pso,0.0538861,6.80258,1,0.0106876,0.474406,0.474406,1,-999
6,gen=4_member=315_pso,0.136901,6.25618,1,0.0230781,0.480167,0.480167,1,-999
6,gen=4_member=323_pso,0.0643371,6.70769,1,0.0354392,0.475767,0.475767,1,-999
6,gen=5_member=434_pso,0.125476,6.31249,1,0.035219,0.482891,0.482891,1,-999
6,gen=4_member=340_pso,0.0459754,6.87644,1,0.0181272,0.478353,0.478353,1,-999
6,gen=5_member=461_pso,0.0503191,6.8358,1,0.0169162,0.4769,0.4769,1,-999
6,gen=3_member=284_pso,0.130931,6.28752,1,0.0313398,0.482137,0.482137,1,-999
6,gen=5_member=430_pso,0.0239819,7.14822,1,0.0305023,0.478155,0.478155,1,-999
6,gen=5_member=470_pso,0.0715048,6.64868,1,0.0229889,0.479625,0.479625,1,-999
6,gen=5_member=465_pso,0.0660064,6.69536,1,0.00816664,0.474406,0.474406,1,-999
6,gen=4_member=311_pso,0.0173692,7.18439,1,0.0280685,0.486626,0.486626,1,-999
6,gen=5_member=411_pso,0.133044,6.2677,1,0.0247218,0.478456,0.478456,1,-999
6,gen=5_member=453_pso,0.0323251,7.02983,1,0.0144743,0.474896,0.474896,1,-999
6,gen=5_member=436_pso,0.0275053,7.09081,1,0.0232848,0.477243,0.477243,1,-999
6,gen=5_member=462_pso,0.0414492,6.93226,1,0.0210951,0.479046,0.479046,1,-999
6,gen=5_member=479_pso,0.0369793,6.97206,1,0.0209969,0.477088,0.477088,1,-999
6,gen=5_member=481_pso,0.0134672,7.20248,1,0.0206521,0.483526,0.483526,1,-999
6,gen=4_member=335_pso,0.0304349,7.05394,1,0.0199607,0.479992,0.479992,1,-999
6,gen=3_member=253_pso,0.0363793,6.97884,1,0.00990531,0.475546,0.475546,1,-999
6,gen=5_member=429_pso,0.0424053,6.92033,1,0.0161617,0.479639,0.479639,1,-999
6,gen=5_member=440_pso,0.0172044,7.18621,1,0.0161598,0.4864,0.4864,1,-999
6,gen=5_member=449_pso,0.0247743,7.13529,1,0.000323553,0.476369,0.476369,1,-999
6,gen=5_member=420_pso,0.00646839,7.4305,1,0.0102291,0.468011,0.468011,1,-999
6,gen=5_member=467_pso,0.00997817,7.29499,1,0.00644411,0.484332,0.484332,1,-999
6,gen=5_member=457_pso,0.00465274,7.51609,1,0.00806015,0.463721,0.463721,1,-999
6,gen=5_member=496_pso,0.00832366,7.35699,1,0.00203924,0.477591,0.477591,1,-999
6,gen=4_member=313_pso,0.00738792,7.38661,1,0.00448705,0.470926,0.470926,1,-999
6,gen=3_member=270_pso,0.00333395,7.60996,1,0.00713948,0.462897,0.462897,1,-999
6,gen=5_member=407_pso,0.0643855,6.70095,1,0.00691332,0.474577,0.474577,1,-999
6,gen=5_member=483_pso,0.0113706,7.26319,1,0.00624714,0.480993,0.480993,1,-999
6,gen=5_member=474_pso,0.010611,7.28511,1,0.00462178,0.482023,0.482023,1,-999
6,gen=5_member=425_pso,0.0122176,7.2337,1,0.00558123,0.485124,0.485124,1,-999
6,gen=4_member=310_pso,0.00452216,7.52469,1,0.00546165,0.462039,0.462039,1,-999
6,gen=5_member=443_pso,0.00156612,7.79293,2,1e+30,0.475949,0.475949,1,-999
6,gen=5_member=409_pso,0.00820615,7.35966,1,0.00387529,0.476981,0.476981,1,-999
6,gen=3_member=297_pso,0.00236749,7.69187,1,0.00112377,0.476933,0.476933,1,-999
6,gen=5_member=488_pso,0.0121297,7.23911,2,0.38307,0.4864,0.4864,1,-999
6,gen=5_member=441_pso,0.0247343,7.13711,1,0.00328163,0.476782,0.476782,1,-999
6,gen=5_member=438_pso,0.00279824,7.64919,1,0.00244704,0.4688,0.4688,1,-999
6,gen=4_member=330_pso,0.00112098,7.85459,1,0.000527964,0.479548,0.479548,1,-999
6,gen=4_member=318_pso,0.000740784,7.93988,1,0.000941728,0.465776,0.465776,1,-999
6,gen=5_member=419_pso,0.002564,7.66213,1,0.00135293,0.470262,0.470262,1,-999
6,gen=5_member=482_pso,0.000891618,7.90038,1,0.000997713,0.474507,0.474507,1,-999
6,gen=5_member=431_pso,0.00274308,7.65348,1,0.000970083,0.468988,0.468988,1,-999
6,gen=5_member=475_pso,0.00106537,7.86639,1,0.000576824,0.478618,0.478618,1,-999
6,gen=5_member=460_pso,0.0024164,7.68899,1,0.000813837,0.476279,0.476279,1,-999
6,gen=5_member=405_pso,0.174765,6.09213,1,0.0219201,0.471674,0.471674,1,-999
6,gen=6_member=530_pso,0.241938,5.82919,1,1e+30,3.44403,3.44403,1,-999
6,gen=6_member=512_pso,0.201026,5.97492,1,0.0830261,0.471674,0.471674,1,-999
6,gen=6_member=528_pso,0.0945761,6.49318,1,0.0788699,4.46777,4.46777,1,-999
6,gen=6_member=570_pso,0.161567,6.16416,1,0.0787629,0.477266,0.477266,1,-999
6,gen=6_member=559_pso,0.21328,5.93316,1,0.0747073,0.466361,0.466361,1,-999
6,gen=6_member=578_pso,0.177701,6.07297,1,0.062226,0.473995,0.473995,1,-999
6,gen=6_member=504_pso,0.18979,6.02125,1,0.0519001,0.472976,0.472976,1,-999
6,gen=6_member=548_pso,0.193233,6.00884,1,0.0446946,0.475876,0.475876,1,-999
6,gen=6_member=565_pso,0.0558283,6.78647,1,0.0432821,0.478086,0.478086,1,-999
6,gen=6_member=525_pso,0.219065,5.91079,1,0.0418287,3.46139,3.46139,1,-999
6,gen=6_member=571_pso,0.0884321,6.53021,1,0.0383295,4.46643,4.46643,1,-999
6,gen=6_member=544_pso,0.0789628,6.59481,1,0.0379562,0.475876,0.475876,1,-999
6,gen=6_member=563_pso,0.113578,6.38234,1,0.0319512,0.472526,0.472526,1,-999
6,gen=6_member=522_pso,0.14356,6.22067,1,0.0290875,0.472187,0.472187,1,-999
6,gen=6_member=535_pso,0.115191,6.36946,1,0.0280389,0.472736,0.472736,1,-999
6,gen=6_member=526_pso,0.138616,6.2431,1,0.0275803,0.47736,0.47736,1,-999
6,gen=6_member=569_pso,0.0823514,6.56696,1,0.0263315,4.47172,4.47172,1,-999
6,gen=6_member=509_pso,0.0853209,6.54439,1,0.025183,4.46908,4.46908,1,-999
6,gen=6_member=510_pso,0.120349,6.35781,1,0.0248155,0.475517,0.475517,1,-999
6,gen=6_member=520_pso,0.0676353,6.67264,1,0.0213171,0.474153,0.474153,1,-999
6,gen=6_member=540_pso,0.0532476,6.80896,1,0.0147725,0.473508,0.473508,1,-999
6,gen=6_member=506_pso,0.0491629,6.84512,1,0.014647,0.479046,0.479046,1,-999
6,gen=6_member=513_pso,0.190233,6.02098,1,0.0142571,0.473059,0.473059,1,-999
6,gen=6_member=519_pso,0.0467824,6.87225,1,0.0132009,0.479327,0.479327,1,-999
6,gen=6_member=558_pso,0.172409,6.09502,1,0.0126432,0.47107,0.47107,1,-999
6,gen=6_member=597_pso,0.0248125,7.13081,1,0.0113105,0.475904,0.475904,1,-999
6,gen=6_member=502_pso,0.0345875,6.99571,1,0.0101439,0.477243,0.477243,1,-999
6,gen=6_member=564_pso,0.0339299,7.01163,1,0.00936944,0.47808,0.47808,1,-999
6,gen=6_member=523_pso,0.121183,6.33728,1,0.00860756,0.480167,0.480167,1,-999
6,gen=6_member=541_pso,0.00869856,7.34752,1,0.00685202,0.479763,0.479763,1,-999
6,gen=6_member=537_pso,0.0663575,6.68579,1,0.00674595,0.472264,0.472264,1,-999
6,gen=6_member=552_pso,0.042073,6.92444,1,0.00395956,0.479026,0.479026,1,-999
6,gen=6_member=543_pso,0.0071227,7.4069,1,0.00380815,0.472183,0.472183,1,-999
6,gen=6_member=508_pso,0.0121195,7.23882,1,0.00350809,1.48633,1.48633,1,-999
6,gen=6_member=595_pso,0.00214505,7.71196,1,0.00288023,0.480544,0.480544,1,-999
6,gen=6_member=591_pso,0.0102546,7.29384,1,0.002621,0.484062,0.484062,1,-999
6,gen=6_member=586_pso,0.00167202,7.77026,1,0.00245644,0.477068,0.477068,1,-999
6,gen=6_member=582_pso,0.00119286,7.84448,1,0.00152338,0.477235,0.477235,1,-999
6,gen=6_member=549_pso,0.00148882,7.7886,1,0.00148697,2.47693,2.47693,1,-999
6,gen=6_member=587_pso,0.000629571,7.95835,1,0.000784732,0.461803,0.461803,1,-999
6,gen=6_member=588_pso,0.00155191,7.78572,1,0.000758714,2.47759,2.47759,1,-999
6,gen=6_member=531_pso,0.000981695,7.87872,1,0.000719593,0.47844,0.47844,1,-999
6,gen=6_member=534_pso,0.000664225,7.95574,1,0.000460576,0.46236,0.46236,1,-999
6,gen=6_member=576_pso,0.223381,5.89626,1,0,3.45819,3.45819,1,-999
7,gen=4_member=320_pso,0.000474741,8,1,1e+30,0.448482,0.448482,1,-999
7,gen=6_member=530_pso,0.241938,5.82919,1,1e+30,0.451332,0.451332,1,-999
7,gen=6_member=512_pso,0.201026,5.97492,1,0.0535733,0.480358,0.480358,1,-999
7,gen=6_member=528_pso,0.0945761,6.49318,1,0.0603555,0.473382,0.473382,1,-999
7,gen=6_member=570_pso,0.161567,6.16416,2,1e+30,0.480259,0.480259,1,-999
7,gen=4_member=391_pso,0.107476,6.41443,1,0.0327623,0.475392,0.475392,1,-999
7,gen=6_member=559_pso,0.21328,5.93316,1,0.0574079,0.474416,0.474416,1,-999
7,gen=5_member=414_pso,0.152694,6.17981,1,0.0399656,0.480082,0.480082,1,-999
7,gen=6_member=578_pso,0.177701,6.07297,1,0.0416477,0.484029,0.484029,1,-999
7,gen=6_member=504_pso,0.18979,6.02125,1,0.0152346,0.4808,0.4808,1,-999
7,gen=3_member=244_pso,0.171712,6.09904,1,0.0203617,0.482779,0.482779,1,-999
7,gen=6_member=548_pso,0.193233,6.00884,1,0.041874,0.479544,0.479544,1,-999
7,gen=6_member=565_pso,0.0558283,6.78647,1,0.0188793,0.479327,0.479327,1,-999
7,gen=6_member=525_pso,0.219065,5.91079,1,0.0351735,0.46928,0.46928,1,-999
7,gen=6_member=571_pso,0.0884321,6.53021,1,0.0383295,0.472292,0.472292,1,-999
7,gen=6_member=544_pso,0.0789628,6.59481,2,0.734246,0.48108,0.48108,1,-999
7,gen=5_member=424_pso,0.14564,6.21489,1,0.0378251,0.482137,0.482137,1,-999
7,gen=4_member=323_pso,0.0643371,6.70769,1,0.00845684,0.480946,0.480946,1,-999
7,gen=5_member=434_pso,0.125476,6.31249,1,0.0244482,0.485933,0.485933,1,-999
7,gen=6_member=563_pso,0.113578,6.38234,1,0.0177033,0.478081,0.478081,1,-999
7,gen=3_member=284_pso,0.130931,6.28752,1,0.00698133,0.483881,0.483881,1,-999
7,gen=5_member=418_pso,0.0731863,6.63572,1,0.0119642,0.484069,0.484069,1,-999
7,gen=5_member=430_pso,0.0239819,7.14822,1,0.0305023,0.472665,0.472665,1,-999
7,gen=6_member=522_pso,0.14356,6.22067,1,0.0290875,0.483552,0.483552,1,-999
7,gen=4_member=311_pso,0.0173692,7.18439,1,0.0280685,0.475976,0.475976,1,-999
7,gen=6_member=535_pso,0.115191,6.36946,1,0.0205126,0.481059,0.481059,1,-999
7,gen=6_member=526_pso,0.138616,6.2431,1,0.0259418,0.482154,0.482154,1,-999
7,gen=6_member=569_pso,0.0823514,6.56696,1,0.0137848,0.477302,0.477302,1,-999
7,gen=6_member=509_pso,0.0853209,6.54439,1,0.025183,0.475014,0.475014,1,-999
7,gen=6_member=510_pso,0.120349,6.35781,2,0,0.482838,0.482838,1,-999
7,gen=5_member=411_pso,0.133044,6.2677,1,0.0197343,0.483166,0.483166,1,-999
7,gen=5_member=436_pso,0.0275053,7.09081,1,0.0232848,0.47711,0.47711,1,-999
7,gen=4_member=315_pso,0.136901,6.25618,1,0.0176111,0.481236,0.481236,1,-999
7,gen=5_member=470_pso,0.0715048,6.64868,1,0.0136696,0.484642,0.484642,1,-999
7,gen=5_member=405_pso,0.174765,6.09213,1,0.0219201,0.482438,0.482438,1,-999
7,gen=6_member=520_pso,0.0676353,6.67264,1,0.0146114,0.481978,0.481978,1,-999
7,gen=5_member=462_pso,0.0414492,6.93226,1,0.0210951,0.477599,0.477599,1,-999
7,gen=5_member=479_pso,0.0369793,6.97206,1,0.0209969,0.476125,0.476125,1,-999
7,gen=5_member=481_pso,0.0134672,7.20248,1,0.0206521,0.478145,0.478145,1,-999
7,gen=4_member=335_pso,0.0304349,7.05394,1,0.0199607,0.477441,0.477441,1,-999
7,gen=4_member=340_pso,0.0459754,6.87644,1,0.0181272,0.477088,0.477088,1,-999
7,gen=5_member=478_pso,0.122427,6.33656,1,0.0139276,0.485498,0.485498,1,-999
7,gen=5_member=461_pso,0.0503191,6.8358,1,0.0169162,0.477331,0.477331,1,-999
7,gen=5_member=429_pso,0.0424053,6.92033,1,0.0161617,0.47808,0.47808,1,-999
7,gen=5_member=440_pso,0.0172044,7.18621,1,0.0161598,0.476391,0.476391,1,-999
7,gen=6_member=540_pso,0.0532476,6.80896,1,0.0147725,0.475767,0.475767,1,-999
7,gen=6_member=506_pso,0.0491629,6.84512,1,0.0114049,0.476486,0.476486,1,-999
7,gen=5_member=453_pso,0.0323251,7.02983,1,0.00990799,0.47487,0.47487,1,-999
7,gen=6_member=513_pso,0.190233,6.02098,1,0.0142571,0.480717,0.480717,1,-999
7,gen=6_member=519_pso,0.0467824,6.87225,1,0.00658401,0.476125,0.476125,1,-999
7,gen=6_member=558_pso,0.172409,6.09502,1,0.0126432,0.48183,0.48183,1,-999
7,gen=6_member=597_pso,0.0248125,7.13081,1,0.0113105,0.474959,0.474959,1,-999
7,gen=4_member=368_pso,0.0538861,6.80258,1,0.0106876,0.477222,0.477222,1,-999
7,gen=5_member=420_pso,0.00646839,7.4305,2,1e+30,0.475433,0.475433,1,-999
7,gen=6_member=502_pso,0.0345875,6.99571,1,0.0101439,0.47174,0.47174,1,-999
7,gen=3_member=253_pso,0.0363793,6.97884,1,0.00990531,0.474588,0.474588,1,-999
7,gen=6_member=564_pso,0.0339299,7.01163,1,0.00728973,0.471803,0.471803,1,-999
7,gen=6_member=523_pso,0.121183,6.33728,1,0.0161339,0.485716,0.485716,1,-999
7,gen=5_member=465_pso,0.0660064,6.69536,1,0.00816664,0.482376,0.482376,1,-999
7,gen=5_member=457_pso,0.00465274,7.51609,1,0.00343854,0.467859,0.467859,1,-999
7,gen=3_member=270_pso,0.00333395,7.60996,1,0.00245507,0.465338,0.465338,1,-999
7,gen=5_member=407_pso,0.0643855,6.70095,1,0.00691332,0.481044,0.481044,1,-999
7,gen=6_member=541_pso,0.00869856,7.34752,1,0.00415403,0.480075,0.480075,1,-999
7,gen=6_member=537_pso,0.0663575,6.68579,1,0.00674595,0.484608,0.484608,1,-999
7,gen=5_member=467_pso,0.00997817,7.29499,1,0.00267506,0.47809,0.47809,1,-999
7,gen=5_member=483_pso,0.0113706,7.26319,1,0.00624714,0.479763,0.479763,1,-999
7,gen=5_member=425_pso,0.0122176,7.2337,1,0.00558123,0.477661,0.477661,1,-999
7,gen=4_member=310_pso,0.00452216,7.52469,1,0.00522519,0.467847,0.467847,1,-999
7,gen=5_member=474_pso,0.010611,7.28511,1,0.00462178,0.480151,0.480151,1,-999
7,gen=4_member=313_pso,0.00738792,7.38661,1,0.00448705,0.477827,0.477827,1,-999
7,gen=6_member=552_pso,0.042073,6.92444,1,0.00395956,0.478691,0.478691,1,-999
7,gen=5_member=409_pso,0.00820615,7.35966,1,0.00387529,0.482023,0.482023,1,-999
7,gen=6_member=543_pso,0.0071227,7.4069,1,0.00412261,0.474108,0.474108,1,-999
7,gen=6_member=508_pso,0.0121195,7.23882,1,0.00350809,0.478155,0.478155,1,-999
7,gen=5_member=441_pso,0.0247343,7.13711,1,0.00328163,0.474485,0.474485,1,-999
7,gen=6_member=595_pso,0.00214505,7.71196,1,0.00288023,0.468927,0.468927,1,-999
7,gen=6_member=591_pso,0.0102546,7.29384,1,0.002621,0.478145,0.478145,1,-999
7,gen=6_member=586_pso,0.00167202,7.77026,1,0.00245644,0.472414,0.472414,1,-999
7,gen=5_member=438_pso,0.00279824,7.64919,1,0.00244704,0.468046,0.468046,1,-999
7,gen=5_member=496_pso,0.00832366,7.35699,1,0.00203924,0.482269,0.482269,1,-999
7,gen=6_member=582_pso,0.00119286,7.84448,1,0.00152338,0.468927,0.468927,1,-999
7,gen=6_member=549_pso,0.00148882,7.7886,1,0.00148697,0.470262,0.470262,1,-999
7,gen=5_member=419_pso,0.002564,7.66213,1,0.00135293,0.467847,0.467847,1,-999
7,gen=3_member=297_pso,0.00236749,7.69187,1,0.00112377,0.464551,0.464551,1,-999
7,gen=5_member=482_pso,0.000891618,7.90038,1,0.000997713,0.469457,0.469457,1,-999
7,gen=5_member=431_pso,0.00274308,7.65348,1,0.000970083,0.468356,0.468356,1,-999
7,gen=4_member=318_pso,0.000740784,7.93988,1,0.000941728,0.460908,0.460908,1,-999
7,gen=5_member=460_pso,0.0024164,7.68899,1,0.000813837,0.463931,0.463931,1,-999
7,gen=6_member=587_pso,0.000629571,7.95835,1,0.000784732,0.457018,0.457018,1,-999
7,gen=6_member=588_pso,0.00155191,7.78572,1,0.000758714,0.470898,0.470898,1,-999
7,gen=6_member=531_pso,0.000981695,7.87872,1,0.000719593,0.471414,0.471414,1,-999
7,gen=5_member=475_pso,0.00106537,7.86639,1,0.000576824,0.46869,0.46869,1,-999
7,gen=4_member=330_pso,0.00112098,7.85459,1,0.000527964,0.466715,0.466715,1,-999
7,gen=6_member=534_pso,0.000664225,7.95574,1,0.000460576,0.457564,0.457564,1,-999
7,gen=5_member=449_pso,0.0247743,7.13529,1,0.000323553,0.474896,0.474896,1,-999
7,gen=6_member=576_pso,0.223381,5.89626,1,0,0.465966,0.465966,1,-999
7,gen=7_member=629_pso,0.103006,6.44355,1,0.0534254,0.474218,0.474218,1,-999
7,gen=7_member=691_pso,0.164799,6.12738,1,0.0408876,0.478566,0.478566,1,-999
7,gen=7_member=686_pso,0.157619,6.15552,1,0.0393794,1.47963,1.47963,1,-999
7,gen=7_member=603_pso,0.184821,6.04228,1,0.0355439,0.483261,0.483261,1,-999
7,gen=7_member=609_pso,0.200344,5.9766,1,0.0322734,0.479944,0.479944,1,-999
7,gen=7_member=679_pso,0.167492,6.11528,1,0.0286301,0.480775,0.480775,1,-999
7,gen=7_member=652_pso,0.110917,6.39519,1,0.0252708,0.476339,0.476339,1,-999
7,gen=7_member=688_pso,0.118531,6.35298,1,0.0248155,1.48388,1.48388,1,-999
7,gen=7_member=663_pso,0.214887,5.92908,1,0.0239546,0.473445,0.473445,1,-999
7,gen=7_member=623_pso,0.13045,6.29221,1,0.0225905,0.484984,0.484984,1,-999
7,gen=7_member=619_pso,0.0784503,6.59387,1,0.0222408,1.48088,1.48088,1,-999
7,gen=7_member=668_pso,0.0743937,6.62278,1,0.0218001,0.482376,0.482376,1,-999
7,gen=7_member=680_pso,0.15529,6.16847,1,0.0203985,0.48105,0.48105,1,-999
7,gen=7_member=672_pso,0.0584448,6.74686,1,0.0185549,0.479302,0.479302,1,-999
7,gen=7_member=698_pso,0.0623435,6.71807,1,0.0166838,0.480062,0.480062,1,-999
7,gen=7_member=632_pso,0.0603086,6.74134,1,0.0161465,0.480618,0.480618,1,-999
7,gen=7_member=654_pso,0.0698856,6.66126,1,0.016025,0.483576,0.483576,1,-999
7,gen=7_member=643_pso,0.0797641,6.58584,1,0.0146694,0.479009,0.479009,1,-999
7,gen=7_member=653_pso,0.186555,6.03356,1,0.0145203,0.483759,0.483759,1,-999
7,gen=7_member=636_pso,0.124546,6.31578,1,0.0126285,0.485232,0.485232,1,-999
7,gen=7_member=693_pso,0.0819924,6.57054,1,0.0107151,0.478121,0.478121,1,-999
7,gen=7_member=659_pso,0.0475652,6.86633,1,0.00985894,0.474775,0.474775,1,-999
7,gen=7_member=628_pso,0.132135,6.2828,1,0.00874931,0.48469,0.48469,1,-999
7,gen=7_member=631_pso,0.186284,6.03755,1,0.00717971,0.484418,0.484418,1,-999
7,gen=7_member=682_pso,0.137296,6.25062,1,0.00710559,0.482516,0.482516,1,-999
7,gen=7_member=683_pso,0.0328273,7.02567,1,0.00664598,0.474883,0.474883,1,-999
7,gen=7_member=689_pso,0.00639246,7.43002,1,0.00499357,1.47554,1.47554,1,-999
7,gen=7_member=671_pso,0.00339105,7.60174,1,0.00492088,0.467124,0.467124,1,-999
7,gen=7_member=635_pso,0.00591693,7.461,1,0.00430714,0.468635,0.468635,1,-999
7,gen=7_member=637_pso,0.00932671,7.32719,1,0.00376905,0.478832,0.478832,1,-999
7,gen=7_member=666_pso,0.00535244,7.48003,1,0.00523555,0.469496,0.469496,1,-999
7,gen=7_member=655_pso,0.00960864,7.31828,1,0.002698,0.479704,0.479704,1,-999
8,gen=4_member=320_pso,0.000474741,8,1,1e+30,0.439492,0.439492,1,-999
8,gen=6_member=530_pso,0.241938,5.82919,1,0,0.459131,0.459131,1,-999
8,gen=6_member=528_pso,0.0945761,6.49318,1,0.0452546,0.476339,0.476339,1,-999
8,gen=6_member=559_pso,0.21328,5.93316,1,0.0456281,0.481167,0.481167,1,-999
8,gen=6_member=512_pso,0.201026,5.97492,1,0.0117042,0.48544,0.48544,1,-999
8,gen=7_member=629_pso,0.103006,6.44355,1,0.0396176,0.476424,0.476424,1,-999
8,gen=6_member=548_pso,0.193233,6.00884,1,0.0111084,0.488393,0.488393,1,-999
8,gen=6_member=578_pso,0.177701,6.07297,1,0.0155594,0.49,0.49,1,-999
8,gen=7_member=691_pso,0.164799,6.12738,1,0.0127849,0.488665,0.488665,1,-999
8,gen=5_member=414_pso,0.152694,6.17981,1,0.0398229,0.481788,0.481788,1,-999
8,gen=7_member=686_pso,0.157619,6.15552,1,0.0273967,0.484899,0.484899,1,-999
8,gen=6_member=571_pso,0.0884321,6.53021,1,0.0277242,0.476776,0.476776,1,-999
8,gen=5_member=424_pso,0.14564,6.21489,1,0.03769,0.481047,0.481047,1,-999
8,gen=7_member=603_pso,0.184821,6.04228,1,0.0310235,0.489574,0.489574,1,-999
8,gen=6_member=525_pso,0.219065,5.91079,1,0.037729,0.477719,0.477719,1,-999
8,gen=4_member=391_pso,0.107476,6.41443,1,0.020077,0.480816,0.480816,1,-999
8,gen=7_member=609_pso,0.200344,5.9766,1,0.0240479,0.485862,0.485862,1,-999
8,gen=5_member=430_pso,0.0239819,7.14822,2,1e+30,0.477441,0.477441,1,-999
8,gen=6_member=522_pso,0.14356,6.22067,1,0.0289836,0.482455,0.482455,1,-999
8,gen=7_member=679_pso,0.167492,6.11528,2,0.769688,0.488715,0.488715,1,-999
8,gen=4_member=311_pso,0.0173692,7.18439,1,0.0224491,0.477527,0.477527,1,-999
8,gen=6_member=526_pso,0.138616,6.2431,1,0.0258491,0.482154,0.482154,1,-999
8,gen=7_member=652_pso,0.110917,6.39519,1,0.00802622,0.482282,0.482282,1,-999
8,gen=6_member=509_pso,0.0853209,6.54439,1,0.025093,0.475652,0.475652,1,-999
8,gen=7_member=688_pso,0.118531,6.35298,1,0.0178547,0.486556,0.486556,1,-999
8,gen=5_member=434_pso,0.125476,6.31249,1,0.0185242,0.486037,0.486037,1,-999
8,gen=7_member=663_pso,0.214887,5.92908,2,1e+30,0.480159,0.480159,1,-999
8,gen=5_member=436_pso,0.0275053,7.09081,1,0.0232016,0.477243,0.477243,1,-999
8,gen=7_member=623_pso,0.13045,6.29221,1,0.00782346,0.487857,0.487857,1,-999
8,gen=7_member=619_pso,0.0784503,6.59387,1,0.0059493,0.483576,0.483576,1,-999
8,gen=5_member=405_pso,0.174765,6.09213,1,0.0169984,0.487602,0.487602,1,-999
8,gen=7_member=668_pso,0.0743937,6.62278,1,0.0211945,0.484608,0.484608,1,-999
8,gen=5_member=462_pso,0.0414492,6.93226,1,0.00497657,0.480833,0.480833,1,-999
8,gen=5_member=479_pso,0.0369793,6.97206,1,0.0185191,0.480276,0.480276,1,-999
8,gen=5_member=481_pso,0.0134672,7.20248,1,0.0205784,0.480151,0.480151,1,-999
8,gen=6_member=535_pso,0.115191,6.36946,1,0.0204394,0.485933,0.485933,1,-999
8,gen=7_member=680_pso,0.15529,6.16847,1,0.0199123,0.481878,0.481878,1,-999
8,gen=3_member=244_pso,0.171712,6.09904,2,0.0257541,0.48586,0.48586,1,-999
8,gen=4_member=335_pso,0.0304349,7.05394,1,0.0198894,0.477441,0.477441,1,-999
8,gen=5_member=411_pso,0.133044,6.2677,1,0.0196638,0.486399,0.486399,1,-999
8,gen=6_member=565_pso,0.0558283,6.78647,1,0.0188119,0.479327,0.479327,1,-999
8,gen=7_member=672_pso,0.0584448,6.74686,1,0.0184886,0.479302,0.479302,1,-999
8,gen=4_member=340_pso,0.0459754,6.87644,1,0.00785822,0.483589,0.483589,1,-999
8,gen=6_member=563_pso,0.113578,6.38234,1,0.0173508,0.484938,0.484938,1,-999
8,gen=4_member=315_pso,0.136901,6.25618,1,0.0175482,0.483571,0.483571,1,-999
8,gen=5_member=461_pso,0.0503191,6.8358,1,0.0158173,0.478691,0.478691,1,-999
8,gen=7_member=698_pso,0.0623435,6.71807,1,0.0166242,0.480062,0.480062,1,-999
8,gen=5_member=429_pso,0.0424053,6.92033,1,0.00739777,0.481745,0.481745,1,-999
8,gen=5_member=440_pso,0.0172044,7.18621,1,0.016102,0.47711,0.47711,1,-999
8,gen=7_member=632_pso,0.0603086,6.74134,1,0.0160888,0.480618,0.480618,1,-999
8,gen=6_member=523_pso,0.121183,6.33728,1,0.0120044,0.486485,0.486485,1,-999
8,gen=7_member=654_pso,0.0698856,6.66126,1,0.0159678,0.483576,0.483576,1,-999
8,gen=6_member=504_pso,0.18979,6.02125,1,0.0164616,0.48836,0.48836,1,-999
8,gen=6_member=540_pso,0.0532476,6.80896,1,0.00367335,0.478163,0.478163,1,-999
8,gen=7_member=643_pso,0.0797641,6.58584,1,0.0121288,0.482042,0.482042,1,-999
8,gen=6_member=520_pso,0.0676353,6.67264,1,0.0145592,0.481978,0.481978,1,-999
8,gen=7_member=653_pso,0.186555,6.03356,2,0,0.487823,0.487823,1,-999
8,gen=6_member=513_pso,0.190233,6.02098,1,0.0110664,0.488446,0.488446,1,-999
8,gen=5_member=478_pso,0.122427,6.33656,1,0.0107235,0.486706,0.486706,1,-999
8,gen=6_member=569_pso,0.0823514,6.56696,1,0.0137355,0.480828,0.480828,1,-999
8,gen=5_member=470_pso,0.0715048,6.64868,1,0.00809064,0.484642,0.484642,1,-999
8,gen=6_member=558_pso,0.172409,6.09502,2,0.0763311,0.486813,0.486813,1,-999
8,gen=7_member=636_pso,0.124546,6.31578,1,0.00699221,0.486738,0.486738,1,-999
8,gen=5_member=418_pso,0.0731863,6.63572,1,0.0105126,0.484081,0.484081,1,-999
8,gen=6_member=506_pso,0.0491629,6.84512,1,0.0113642,0.480853,0.480853,1,-999
8,gen=6_member=597_pso,0.0248125,7.13081,1,0.0155485,0.475364,0.475364,1,-999
8,gen=7_member=693_pso,0.0819924,6.57054,1,0.00396962,0.481145,0.481145,1,-999
8,gen=4_member=368_pso,0.0538861,6.80258,1,0.0106495,0.478153,0.478153,1,-999
8,gen=6_member=502_pso,0.0345875,6.99571,1,0.0101077,0.477243,0.477243,1,-999
8,gen=5_member=453_pso,0.0323251,7.02983,1,0.00987261,0.474896,0.474896,1,-999
8,gen=3_member=253_pso,0.0363793,6.97884,1,0.00986993,0.479445,0.479445,1,-999
8,gen=7_member=659_pso,0.0475652,6.86633,1,0.00982373,0.483976,0.483976,1,-999
8,gen=7_member=628_pso,0.132135,6.2828,1,0.00871807,0.486485,0.486485,1,-999
8,gen=4_member=323_pso,0.0643371,6.70769,1,0.00842664,0.480946,0.480946,1,-999
8,gen=5_member=465_pso,0.0660064,6.69536,1,0.00813748,0.482376,0.482376,1,-999
8,gen=6_member=564_pso,0.0339299,7.01163,1,0.0072637,0.473816,0.473816,1,-999
8,gen=7_member=631_pso,0.186284,6.03755,2,0.0741009,0.488761,0.488761,1,-999
8,gen=7_member=682_pso,0.137296,6.25062,1,0.00708022,0.482516,0.482516,1,-999
8,gen=3_member=284_pso,0.130931,6.28752,1,0.0069564,0.487637,0.487637,1,-999
8,gen=5_member=407_pso,0.0643855,6.70095,1,0.00688863,0.481044,0.481044,1,-999
8,gen=6_member=537_pso,0.0663575,6.68579,1,0.00672185,0.484608,0.484608,1,-999
8,gen=7_member=683_pso,0.0328273,7.02567,1,0.00662225,0.474883,0.474883,1,-999
8,gen=6_member=519_pso,0.0467824,6.87225,1,0.0065605,0.484584,0.484584,1,-999
8,gen=5_member=483_pso,0.0113706,7.26319,1,0.00622483,0.477591,0.477591,1,-999
8,gen=5_member=425_pso,0.0122176,7.2337,1,0.0055613,0.477661,0.477661,1,-999
8,gen=7_member=666_pso,0.00535244,7.48003,1,0.00521685,0.464492,0.464492,1,-999
8,gen=4_member=310_pso,0.00452216,7.52469,1,0.00520653,0.462039,0.462039,1,-999
8,gen=7_member=689_pso,0.00639246,7.43002,1,0.00497573,0.468366,0.468366,1,-999
8,gen=7_member=671_pso,0.00339105,7.60174,1,0.00490331,0.467124,0.467124,1,-999
8,gen=5_member=474_pso,0.010611,7.28511,1,0.00460528,0.476391,0.476391,1,-999
8,gen=4_member=313_pso,0.00738792,7.38661,1,0.00447103,0.47584,0.47584,1,-999
8,gen=7_member=635_pso,0.00591693,7.461,1,0.00429176,0.466685,0.466685,1,-999
8,gen=6_member=541_pso,0.00869856,7.34752,1,0.00413919,0.474214,0.474214,1,-999
8,gen=6_member=543_pso,0.0071227,7.4069,1,0.00410789,0.47324,0.47324,1,-999
8,gen=6_member=552_pso,0.042073,6.92444,1,0.00394542,0.480853,0.480853,1,-999
8,gen=5_member=409_pso,0.00820615,7.35966,1,0.00386145,0.475881,0.475881,1,-999
8,gen=7_member=637_pso,0.00932671,7.32719,1,0.00375559,0.477661,0.477661,1,-999
8,gen=6_member=508_pso,0.0121195,7.23882,1,0.00349556,0.478155,0.478155,1,-999
8,gen=5_member=457_pso,0.00465274,7.51609,1,0.00342626,0.463721,0.463721,1,-999
8,gen=5_member=441_pso,0.0247343,7.13711,2,0.00415071,0.475628,0.475628,1,-999
8,gen=6_member=595_pso,0.00214505,7.71196,1,0.00145736,0.468927,0.468927,1,-999
8,gen=7_member=655_pso,0.00960864,7.31828,1,0.00268836,0.478777,0.478777,1,-999
8,gen=5_member=467_pso,0.00997817,7.29499,1,0.00266551,0.477881,0.477881,1,-999
8,gen=6_member=591_pso,0.0102546,7.29384,1,0.00261164,0.477827,0.477827,1,-999
8,gen=6_member=586_pso,0.00167202,7.77026,1,0.00190824,0.472414,0.472414,1,-999
8,gen=3_member=270_pso,0.00333395,7.60996,1,0.0024463,0.465338,0.465338,1,-999
8,gen=5_member=438_pso,0.00279824,7.64919,1,0.0024383,0.468046,0.468046,1,-999
8,gen=5_member=496_pso,0.00832366,7.35699,1,0.00203196,0.475275,0.475275,1,-999
8,gen=6_member=582_pso,0.00119286,7.84448,1,0.00151794,0.468927,0.468927,1,-999
8,gen=6_member=549_pso,0.00148882,7.7886,1,0.00148166,0.470262,0.470262,1,-999
8,gen=5_member=419_pso,0.002564,7.66213,1,0.0013481,0.467847,0.467847,1,-999
8,gen=3_member=297_pso,0.00236749,7.69187,1,0.00111975,0.464551,0.464551,1,-999
8,gen=5_member=482_pso,0.000891618,7.90038,1,0.00099415,0.459615,0.459615,1,-999
8,gen=5_member=431_pso,0.00274308,7.65348,1,0.000966619,0.468356,0.468356,1,-999
8,gen=4_member=318_pso,0.000740784,7.93988,1,0.000938365,0.451418,0.451418,1,-999
8,gen=5_member=460_pso,0.0024164,7.68899,1,0.000810931,0.463931,0.463931,1,-999
8,gen=6_member=587_pso,0.000629571,7.95835,1,0.000781929,0.447686,0.447686,1,-999
8,gen=6_member=588_pso,0.00155191,7.78572,1,0.000756004,0.470898,0.470898,1,-999
8,gen=6_member=531_pso,0.000981695,7.87872,1,0.000717023,0.464236,0.464236,1,-999
8,gen=5_member=475_pso,0.00106537,7.86639,1,0.000574764,0.466908,0.466908,1,-999
8,gen=4_member=330_pso,0.00112098,7.85459,1,0.000526079,0.466715,0.466715,1,-999
8,gen=6_member=534_pso,0.000664225,7.95574,1,0.000458932,0.44821,0.44821,1,-999
8,gen=5_member=449_pso,0.0247743,7.13529,2,0.747792,0.475217,0.475217,1,-999
8,gen=6_member=576_pso,0.223381,5.89626,1,0.0304011,0.474284,0.474284,1,-999
8,gen=8_member=788_pso,0.242803,5.82685,1,1e+30,0.458607,0.458607,1,-999
8,gen=8_member=717_pso,0.227138,5.88079,1,0.0639892,0.470733,0.470733,1,-999
8,gen=8_member=734_pso,0.203181,5.96236,1,0.0505715,0.485343,0.485343,1,-999
8,gen=8_member=730_pso,0.226432,5.88807,1,0.0155055,0.472336,0.472336,1,-999
8,gen=8_member=797_pso,0.164158,6.13265,1,0.0296281,0.488154,0.488154,1,-999
8,gen=8_member=719_pso,0.178726,6.06422,1,0.0293805,0.489147,0.489147,1,-999
8,gen=8_member=700_pso,0.0226444,7.15495,1,0.0262797,0.475894,0.475894,1,-999
8,gen=8_member=751_pso,0.0920393,6.51235,1,0.0253537,0.476388,0.476388,1,-999
8,gen=8_member=765_pso,0.214238,5.92805,1,0.023869,1.47997,1.47997,1,-999
8,gen=8_member=707_pso,0.167256,6.11088,1,0.0226399,1.48827,1.48827,1,-999
8,gen=8_member=711_pso,0.195198,6.00097,1,0.021379,0.489574,0.489574,1,-999
8,gen=8_member=769_pso,0.186244,6.03306,1,0.0205049,2.48772,2.48772,1,-999
8,gen=8_member=786_pso,0.170837,6.09488,1,0.018486,2.48675,2.48675,1,-999
8,gen=8_member=779_pso,0.104177,6.43407,1,0.0184483,0.476776,0.476776,1,-999
8,gen=8_member=799_pso,0.040867,6.93531,1,0.0184459,0.481549,0.481549,1,-999
8,gen=8_member=705_pso,0.0783224,6.59404,1,0.0167398,0.48362,0.48362,1,-999
8,gen=8_member=781_pso,0.129035,6.29872,1,0.020523,0.48809,0.48809,1,-999
8,gen=8_member=722_pso,0.170285,6.10628,1,0.014776,0.487606,0.487606,1,-999
8,gen=8_member=716_pso,0.109042,6.40306,1,0.014197,0.480409,0.480409,1,-999
8,gen=8_member=713_pso,0.192472,6.01211,1,0.0123769,0.487592,0.487592,1,-999
8,gen=8_member=732_pso,0.174956,6.08212,1,0.0121184,0.488665,0.488665,1,-999
8,gen=8_member=746_pso,0.0529959,6.8135,1,0.0120849,0.478806,0.478806,1,-999
8,gen=8_member=702_pso,0.110987,6.3942,1,0.0109836,0.482511,0.482511,1,-999
8,gen=8_member=794_pso,0.119518,6.34597,1,0.010944,0.486651,0.486651,1,-999
8,gen=8_member=727_pso,0.0438656,6.90156,1,0.0102042,0.481315,0.481315,1,-999
8,gen=8_member=728_pso,0.157519,6.16038,1,0.00961072,0.48383,0.48383,1,-999
8,gen=8_member=791_pso,0.0813894,6.57684,1,0.00919541,0.482506,0.482506,1,-999
8,gen=8_member=714_pso,0.0237375,7.13309,1,0.00894665,3.47537,3.47537,1,-999
8,gen=8_member=759_pso,0.123782,6.32285,1,0.00874557,0.486399,0.486399,1,-999
8,gen=8_member=792_pso,0.0448781,6.89351,1,0.00870622,0.480671,0.480671,1,-999
8,gen=8_member=782_pso,0.195164,6.00185,1,0.00811026,0.48978,0.48978,1,-999
8,gen=8_member=785_pso,0.00201433,7.72465,1,0.00195201,0.47105,0.47105,1,-999
8,gen=8_member=789_pso,0.0718462,6.64602,1,0.00693905,0.484935,0.484935,1,-999
9,gen=4_member=320_pso,0.000474741,8,2,1e+30,0.439492,0.439492,1,-999
9,gen=8_member=788_pso,0.242803,5.82685,1,1e+30,0.461897,0.461897,1,-999
9,gen=8_member=717_pso,0.227138,5.88079,1,0.0309525,0.4742,0.4742,1,-999
9,gen=8_member=734_pso,0.203181,5.96236,1,0.0504978,0.483298,0.483298,1,-999
9,gen=6_member=559_pso,0.21328,5.93316,1,0.0455616,0.481167,0.481167,1,-999
9,gen=6_member=528_pso,0.0945761,6.49318,1,0.0457455,0.477592,0.477592,1,-999
9,gen=5_member=414_pso,0.152694,6.17981,2,0.0589567,0.482516,0.482516,1,-999
9,gen=7_member=629_pso,0.103006,6.44355,1,0.0395599,0.478035,0.478035,1,-999
9,gen=6_member=525_pso,0.219065,5.91079,1,0.0376741,0.479102,0.479102,1,-999
9,gen=5_member=424_pso,0.14564,6.21489,2,0.0557991,0.481047,0.481047,1,-999
9,gen=7_member=603_pso,0.184821,6.04228,1,0.0120708,0.48978,0.48978,1,-999
9,gen=6_member=576_pso,0.223381,5.89626,1,0.0303568,0.477804,0.477804,1,-999
9,gen=8_member=797_pso,0.164158,6.13265,2,1e+30,0.487407,0.487407,1,-999
9,gen=8_member=719_pso,0.178726,6.06422,1,0.00827128,0.489058,0.489058,1,-999
9,gen=6_member=522_pso,0.14356,6.22067,2,0.0429095,0.482455,0.482455,1,-999
9,gen=6_member=571_pso,0.0884321,6.53021,1,0.0271271,0.479655,0.479655,1,-999
9,gen=7_member=686_pso,0.157619,6.15552,2,0,0.484104,0.484104,1,-999
9,gen=8_member=700_pso,0.0226444,7.15495,1,0.0262415,0.472904,0.472904,1,-999
9,gen=6_member=526_pso,0.138616,6.2431,2,0.0382689,0.481586,0.481586,1,-999
9,gen=8_member=751_pso,0.0920393,6.51235,2,0.694809,0.480115,0.480115,1,-999
9,gen=6_member=509_pso,0.0853209,6.54439,1,0.0184147,0.483009,0.483009,1,-999
9,gen=7_member=609_pso,0.200344,5.9766,1,0.0100172,0.485862,0.485862,1,-999
9,gen=8_member=765_pso,0.214238,5.92805,1,0.0238342,0.479967,0.479967,1,-999
9,gen=5_member=436_pso,0.0275053,7.09081,1,0.0226646,0.473411,0.473411,1,-999
9,gen=8_member=707_pso,0.167256,6.11088,1,0.0179406,0.487303,0.487303,1,-999
9,gen=4_member=311_pso,0.0173692,7.18439,1,0.0224164,0.474005,0.474005,1,-999
9,gen=8_member=711_pso,0.195198,6.00097,1,0.0141371,0.489365,0.489365,1,-999
9,gen=7_member=668_pso,0.0743937,6.62278,1,0.0106419,0.486292,0.486292,1,-999
9,gen=5_member=481_pso,0.0134672,7.20248,1,0.00623516,0.477881,0.477881,1,-999
9,gen=8_member=781_pso,0.129035,6.29872,1,0.0204931,0.48809,0.48809,1,-999
9,gen=8_member=769_pso,0.186244,6.03306,1,0.0103968,0.49,0.49,1,-999
9,gen=6_member=535_pso,0.115191,6.36946,1,0.0204096,0.486738,0.486738,1,-999
9,gen=4_member=391_pso,0.107476,6.41443,1,0.0200478,0.480816,0.480816,1,-999
9,gen=7_member=680_pso,0.15529,6.16847,2,0.0294797,0.481878,0.481878,1,-999
9,gen=4_member=335_pso,0.0304349,7.05394,1,0.00829218,0.471902,0.471902,1,-999
9,gen=5_member=411_pso,0.133044,6.2677,2,0.0291118,0.483423,0.483423,1,-999
9,gen=6_member=565_pso,0.0558283,6.78647,1,0.0187845,0.479398,0.479398,1,-999
9,gen=5_member=434_pso,0.125476,6.31249,1,0.0184972,0.486037,0.486037,1,-999
9,gen=5_member=479_pso,0.0369793,6.97206,1,0.00822541,0.480276,0.480276,1,-999
9,gen=7_member=672_pso,0.0584448,6.74686,1,0.0166704,0.481978,0.481978,1,-999
9,gen=8_member=786_pso,0.170837,6.09488,1,0.0184591,0.486956,0.486956,1,-999
9,gen=8_member=779_pso,0.104177,6.43407,1,0.0184215,0.4786,0.4786,1,-999
9,gen=8_member=799_pso,0.040867,6.93531,1,0.012666,0.481549,0.481549,1,-999
9,gen=7_member=688_pso,0.118531,6.35298,1,0.0178287,0.487572,0.487572,1,-999
9,gen=4_member=315_pso,0.136901,6.25618,2,0.0259796,0.481236,0.481236,1,-999
9,gen=6_member=563_pso,0.113578,6.38234,1,0.00996225,0.485352,0.485352,1,-999
9,gen=5_member=405_pso,0.174765,6.09213,1,0.0169736,0.487785,0.487785,1,-999
9,gen=8_member=705_pso,0.0783224,6.59404,1,0.00708704,0.486604,0.486604,1,-999
9,gen=7_member=698_pso,0.0623435,6.71807,1,0.00960052,0.482467,0.482467,1,-999
9,gen=6_member=504_pso,0.18979,6.02125,1,0.0119049,0.489147,0.489147,1,-999
9,gen=5_member=440_pso,0.0172044,7.18621,1,0.0149923,0.474416,0.474416,1,-999
9,gen=7_member=632_pso,0.0603086,6.74134,1,0.0101764,0.482502,0.482502,1,-999
9,gen=7_member=654_pso,0.0698856,6.66126,1,0.0159445,0.48607,0.48607,1,-999
9,gen=5_member=461_pso,0.0503191,6.8358,1,0.0157943,0.478628,0.478628,1,-999
9,gen=6_member=578_pso,0.177701,6.07297,1,0.0155367,0.487085,0.487085,1,-999
9,gen=6_member=597_pso,0.0248125,7.13081,1,0.0155259,0.474216,0.474216,1,-999
9,gen=8_member=730_pso,0.226432,5.88807,1,0.015483,0.475825,0.475825,1,-999
9,gen=8_member=722_pso,0.170285,6.10628,1,0.0147545,0.487074,0.487074,1,-999
9,gen=6_member=520_pso,0.0676353,6.67264,1,0.014538,0.484644,0.484644,1,-999
9,gen=8_member=716_pso,0.109042,6.40306,1,0.0141763,0.483345,0.483345,1,-999
9,gen=6_member=569_pso,0.0823514,6.56696,1,0.00812109,0.483241,0.483241,1,-999
9,gen=7_member=691_pso,0.164799,6.12738,1,0.0119949,0.486901,0.486901,1,-999
9,gen=8_member=713_pso,0.192472,6.01211,1,0.0123588,0.489309,0.489309,1,-999
9,gen=7_member=643_pso,0.0797641,6.58584,1,0.0121111,0.485274,0.485274,1,-999
9,gen=8_member=732_pso,0.174956,6.08212,1,0.0121007,0.487993,0.487993,1,-999
9,gen=8_member=746_pso,0.0529959,6.8135,1,0.0120673,0.478806,0.478806,1,-999
9,gen=6_member=523_pso,0.121183,6.33728,1,0.0107573,0.487309,0.487309,1,-999
9,gen=6_member=512_pso,0.201026,5.97492,1,0.0116872,0.48544,0.48544,1,-999
9,gen=6_member=506_pso,0.0491629,6.84512,1,0.0113476,0.479046,0.479046,1,-999
9,gen=6_member=548_pso,0.193233,6.00884,1,0.0110922,0.488505,0.488505,1,-999
9,gen=6_member=513_pso,0.190233,6.02098,1,0.0110503,0.489058,0.489058,1,-999
9,gen=8_member=702_pso,0.110987,6.3942,1,0.00765216,0.485473,0.485473,1,-999
9,gen=8_member=794_pso,0.119518,6.34597,1,0.010928,0.487814,0.487814,1,-999
9,gen=5_member=478_pso,0.122427,6.33656,2,0.244962,0.487092,0.487092,1,-999
9,gen=4_member=368_pso,0.0538861,6.80258,1,0.0106339,0.479511,0.479511,1,-999
9,gen=5_member=418_pso,0.0731863,6.63572,1,0.0104973,0.485419,0.485419,1,-999
9,gen=8_member=727_pso,0.0438656,6.90156,1,0.0101894,0.481315,0.481315,1,-999
9,gen=6_member=502_pso,0.0345875,6.99571,1,0.010093,0.477417,0.477417,1,-999
9,gen=5_member=453_pso,0.0323251,7.02983,1,0.00985823,0.475371,0.475371,1,-999
9,gen=3_member=253_pso,0.0363793,6.97884,1,0.00985556,0.480739,0.480739,1,-999
9,gen=7_member=659_pso,0.0475652,6.86633,1,0.00980942,0.483253,0.483253,1,-999
9,gen=8_member=728_pso,0.157519,6.16038,2,0.0142284,0.48383,0.48383,1,-999
9,gen=8_member=791_pso,0.0813894,6.57684,1,0.00918202,0.484176,0.484176,1,-999
9,gen=8_member=714_pso,0.0237375,7.13309,1,0.00893362,0.474427,0.474427,1,-999
9,gen=8_member=759_pso,0.123782,6.32285,1,0.00996252,0.486399,0.486399,1,-999
9,gen=7_member=628_pso,0.132135,6.2828,2,0.0648615,0.486485,0.486485,1,-999
9,gen=8_member=792_pso,0.0448781,6.89351,1,0.00869354,0.480671,0.480671,1,-999
9,gen=4_member=323_pso,0.0643371,6.70769,1,0.007199,0.482506,0.482506,1,-999
9,gen=5_member=465_pso,0.0660064,6.69536,1,0.00812563,0.485419,0.485419,1,-999
9,gen=8_member=782_pso,0.195164,6.00185,1,0.00809844,0.489569,0.489569,1,-999
9,gen=5_member=470_pso,0.0715048,6.64868,1,0.00807885,0.485568,0.485568,1,-999
9,gen=7_member=652_pso,0.110917,6.39519,1,0.00801453,0.485242,0.485242,1,-999
9,gen=4_member=340_pso,0.0459754,6.87644,1,0.00784677,0.482095,0.482095,1,-999
9,gen=7_member=623_pso,0.13045,6.29221,1,0.00781206,0.487857,0.487857,1,-999
9,gen=5_member=429_pso,0.0424053,6.92033,1,0.007387,0.481745,0.481745,1,-999
9,gen=6_member=564_pso,0.0339299,7.01163,1,0.00725312,0.47808,0.47808,1,-999
9,gen=7_member=682_pso,0.137296,6.25062,2,0.0104821,0.482281,0.482281,1,-999
9,gen=7_member=636_pso,0.124546,6.31578,1,0.00698203,0.486738,0.486738,1,-999
9,gen=3_member=284_pso,0.130931,6.28752,1,0.00342225,0.487637,0.487637,1,-999
9,gen=8_member=789_pso,0.0718462,6.64602,1,0.00692894,0.485274,0.485274,1,-999
9,gen=5_member=407_pso,0.0643855,6.70095,1,0.0068786,0.484069,0.484069,1,-999
9,gen=6_member=537_pso,0.0663575,6.68579,1,0.00671206,0.485064,0.485064,1,-999
9,gen=7_member=683_pso,0.0328273,7.02567,1,0.0066126,0.474959,0.474959,1,-999
9,gen=6_member=519_pso,0.0467824,6.87225,1,0.00655094,0.483084,0.483084,1,-999
9,gen=5_member=483_pso,0.0113706,7.26319,1,0.00509672,0.479813,0.479813,1,-999
9,gen=7_member=619_pso,0.0784503,6.59387,1,0.00594063,0.486559,0.486559,1,-999
9,gen=5_member=425_pso,0.0122176,7.2337,1,0.0055532,0.477661,0.477661,1,-999
9,gen=7_member=666_pso,0.00535244,7.48003,1,0.00520925,0.468873,0.468873,1,-999
9,gen=4_member=310_pso,0.00452216,7.52469,1,0.00519894,0.462039,0.462039,1,-999
9,gen=5_member=462_pso,0.0414492,6.93226,1,0.00496932,0.480833,0.480833,1,-999
9,gen=7_member=689_pso,0.00639246,7.43002,1,0.00496849,0.473531,0.473531,1,-999
9,gen=7_member=671_pso,0.00339105,7.60174,1,0.00489617,0.467124,0.467124,1,-999
9,gen=5_member=474_pso,0.010611,7.28511,1,0.00258794,0.480151,0.480151,1,-999
9,gen=4_member=313_pso,0.00738792,7.38661,1,0.0034525,0.477682,0.477682,1,-999
9,gen=7_member=635_pso,0.00591693,7.461,1,0.00428551,0.467124,0.467124,1,-999
9,gen=6_member=541_pso,0.00869856,7.34752,2,0.559401,0.480183,0.480183,1,-999
9,gen=6_member=543_pso,0.0071227,7.4069,1,0.00402103,0.473497,0.473497,1,-999
9,gen=7_member=693_pso,0.0819924,6.57054,1,0.00396383,0.484081,0.484081,1,-999
9,gen=6_member=552_pso,0.042073,6.92444,1,0.00393968,0.480853,0.480853,1,-999
9,gen=5_member=409_pso,0.00820615,7.35966,1,0.00385583,0.478293,0.478293,1,-999
9,gen=7_member=637_pso,0.00932671,7.32719,1,0.0038683,0.48083,0.48083,1,-999
9,gen=6_member=540_pso,0.0532476,6.80896,1,0.003668,0.478163,0.478163,1,-999
9,gen=6_member=508_pso,0.0121195,7.23882,1,0.00349047,0.478832,0.478832,1,-999
9,gen=5_member=457_pso,0.00465274,7.51609,1,0.00342127,0.463721,0.463721,1,-999
9,gen=7_member=655_pso,0.00960864,7.31828,1,0.00268445,0.480749,0.480749,1,-999
9,gen=5_member=467_pso,0.00997817,7.29499,1,0.00266162,0.47809,0.47809,1,-999
9,gen=6_member=591_pso,0.0102546,7.29384,1,0.00260783,0.478145,0.478145,1,-999
9,gen=3_member=270_pso,0.00333395,7.60996,1,0.00244274,0.465338,0.465338,1,-999
9,gen=5_member=438_pso,0.00279824,7.64919,1,0.00243475,0.468046,0.468046,1,-999
9,gen=5_member=496_pso,0.00832366,7.35699,1,0.00191082,0.478906,0.478906,1,-999
9,gen=8_member=785_pso,0.00201433,7.72465,1,0.00194917,0.47105,0.47105,1,-999
9,gen=6_member=586_pso,0.00167202,7.77026,1,0.00190546,0.472414,0.472414,1,-999
9,gen=6_member=582_pso,0.00119286,7.84448,1,0.00151573,0.466352,0.466352,1,-999
9,gen=6_member=549_pso,0.00148882,7.7886,1,0.0014795,0.470262,0.470262,1,-999
9,gen=6_member=595_pso,0.00214505,7.71196,1,0.000739786,0.468927,0.468927,1,-999
9,gen=5_member=419_pso,0.002564,7.66213,1,0.00134614,0.467847,0.467847,1,-999
9,gen=3_member=297_pso,0.00236749,7.69187,1,0.000916979,0.464551,0.464551,1,-999
9,gen=5_member=482_pso,0.000891618,7.90038,1,0.000992702,0.459615,0.459615,1,-999
9,gen=5_member=431_pso,0.00274308,7.65348,1,0.000965211,0.468356,0.468356,1,-999
9,gen=4_member=318_pso,0.000740784,7.93988,1,0.000936998,0.451418,0.451418,1,-999
9,gen=5_member=460_pso,0.0024164,7.68899,1,0.00080975,0.463931,0.463931,1,-999
9,gen=6_member=587_pso,0.000629571,7.95835,1,0.00223738,0.447686,0.447686,1,-999
9,gen=6_member=588_pso,0.00155191,7.78572,1,0.000754903,0.470898,0.470898,1,-999
9,gen=6_member=531_pso,0.000981695,7.87872,1,0.000715979,0.464236,0.464236,1,-999
9,gen=5_member=475_pso,0.00106537,7.86639,1,0.000573927,0.466908,0.466908,1,-999
9,gen=4_member=330_pso,0.00112098,7.85459,1,0.000525313,0.466111,0.466111,1,-999
9,gen=6_member=534_pso,0.000664225,7.95574,1,0.000458263,0.44821,0.44821,1,-999
9,gen=6_member=530_pso,0.241938,5.82919,1,0,0.462428,0.462428,1,-999
9,gen=9_member=801_pso,0.000121253,8,1,1e+30,1.43949,1.43949,1,-999
9,gen=9_member=833_pso,0.16302,6.12986,1,0.138117,1.48757,1.48757,1,-999
9,gen=9_member=881_pso,0.13128,6.15383,1,0.132227,11.4829,11.4829,1,-999
9,gen=9_member=810_pso,0.233943,5.86624,1,0.0450388,0.470661,0.470661,1,-999
9,gen=9_member=867_pso,0.238068,5.84234,1,0.0329435,0.465379,0.465379,1,-999
9,gen=9_member=852_pso,0.00736829,7.39833,1,0.00109289,0.475166,0.475166,1,-999
9,gen=9_member=808_pso,0.0919041,6.49768,1,0.0253168,1.47706,1.47706,1,-999
9,gen=9_member=898_pso,0.00219386,7.70018,1,0.000916592,0.466352,0.466352,1,-999
9,gen=9_member=806_pso,0.198595,5.9858,1,0.0212064,0.485876,0.485876,1,-999
9,gen=9_member=853_pso,0.0383754,6.95621,1,0.0160198,0.480739,0.480739,1,-999
9,gen=9_member=805_pso,0.0137308,7.19574,1,0.0153996,0.476346,0.476346,1,-999
9,gen=9_member=883_pso,0.181382,6.05438,1,0.0148597,0.489309,0.489309,1,-999
9,gen=9_member=846_pso,0.187344,6.03216,1,0.0146109,0.489732,0.489732,1,-999
9,gen=9_member=803_pso,0.183315,6.04278,1,0.0141712,0.489569,0.489569,1,-999
9,gen=9_member=854_pso,0.00866988,7.3473,1,0.00413316,1.48013,1.48013,1,-999
9,gen=9_member=847_pso,0.0839632,6.55873,1,0.0122362,0.484318,0.484318,1,-999
9,gen=9_member=878_pso,0.0303128,7.05874,1,0.0120715,0.470838,0.470838,1,-999
9,gen=9_member=837_pso,0.0108826,7.26894,1,0.00312968,0.480085,0.480085,1,-999
9,gen=9_member=842_pso,0.179709,6.06028,1,0.0109431,0.48853,0.48853,1,-999
9,gen=9_member=807_pso,0.0767304,6.60993,1,0.0105218,0.487381,0.487381,1,-999
9,gen=9_member=866_pso,0.165931,6.12468,1,0.0101254,0.487085,0.487085,1,-999
9,gen=9_member=859_pso,0.0757689,6.61409,1,0.00962842,0.486388,0.486388,1,-999
9,gen=9_member=851_pso,0.122129,6.3354,1,0.0107079,1.48696,1.48696,1,-999
9,gen=9_member=818_pso,0.0626385,6.71757,1,0.00821483,0.482591,0.482591,1,-999
9,gen=9_member=876_pso,0.112774,6.38868,1,0.0106788,0.486443,0.486443,1,-999
9,gen=9_member=826_pso,0.0598739,6.7427,1,0.0076802,0.482827,0.482827,1,-999
10,gen=9_member=801_pso,0.000121253,8,2,1e+30,0.439491,0.439491,1,-999
10,gen=8_member=788_pso,0.242803,5.82685,1,0.00479332,0.467031,0.467031,1,-999
10,gen=9_member=833_pso,0.16302,6.12986,1,0.122667,0.48749,0.48749,1,-999
10,gen=9_member=881_pso,0.13128,6.15383,1,0.0254348,0.479854,0.479854,1,-999
10,gen=8_member=734_pso,0.203181,5.96236,2,0.0515028,0.485343,0.485343,1,-999
10,gen=6_member=528_pso,0.0945761,6.49318,1,0.0272319,0.479686,0.479686,1,-999
10,gen=6_member=559_pso,0.21328,5.93316,2,0.0464684,0.482852,0.482852,1,-999
10,gen=9_member=810_pso,0.233943,5.86624,2,0,0.475982,0.475982,1,-999
10,gen=7_member=629_pso,0.103006,6.44355,1,0.0226683,0.480779,0.480779,1,-999
10,gen=6_member=525_pso,0.219065,5.91079,2,0.0384238,0.479674,0.479674,1,-999
10,gen=9_member=867_pso,0.238068,5.84234,2,1e+30,0.470593,0.470593,1,-999
10,gen=8_member=717_pso,0.227138,5.88079,2,0.0315685,0.479614,0.479614,1,-999
10,gen=6_member=576_pso,0.223381,5.89626,2,0.030961,0.480365,0.480365,1,-999
10,gen=6_member=571_pso,0.0884321,6.53021,2,0.16024,0.484348,0.484348,1,-999
10,gen=8_member=700_pso,0.0226444,7.15495,1,0.025894,0.474196,0.474196,1,-999
10,gen=9_member=808_pso,0.0919041,6.49768,1,0.0252412,0.480284,0.480284,1,-999
10,gen=8_member=765_pso,0.214238,5.92805,2,0.0243086,0.481643,0.481643,1,-999
10,gen=5_member=436_pso,0.0275053,7.09081,1,0.0208076,0.474872,0.474872,1,-999
10,gen=4_member=311_pso,0.0173692,7.18439,1,0.0221196,0.475976,0.475976,1,-999
10,gen=9_member=806_pso,0.198595,5.9858,1,0.0169535,0.486703,0.486703,1,-999
10,gen=8_member=781_pso,0.129035,6.29872,2,0.0248447,0.486556,0.486556,1,-999
10,gen=6_member=535_pso,0.115191,6.36946,1,0.00771786,0.488847,0.488847,1,-999
10,gen=4_member=391_pso,0.107476,6.41443,1,0.00690407,0.483205,0.483205,1,-999
10,gen=6_member=565_pso,0.0558283,6.78647,2,0.0191583,0.480703,0.480703,1,-999
10,gen=5_member=434_pso,0.125476,6.31249,1,0.00692388,0.489936,0.489936,1,-999
10,gen=8_member=786_pso,0.170837,6.09488,1,0.0161886,0.491228,0.491228,1,-999
10,gen=8_member=779_pso,0.104177,6.43407,1,0.0176387,0.482996,0.482996,1,-999
10,gen=6_member=509_pso,0.0853209,6.54439,1,0.0179113,0.484004,0.484004,1,-999
10,gen=8_member=707_pso,0.167256,6.11088,1,0.0122334,0.48827,0.48827,1,-999
10,gen=7_member=688_pso,0.118531,6.35298,1,0.0144062,0.489737,0.489737,1,-999
10,gen=5_member=405_pso,0.174765,6.09213,1,0.0167489,0.490896,0.490896,1,-999
10,gen=7_member=672_pso,0.0584448,6.74686,2,0.0170022,0.483825,0.483825,1,-999
10,gen=9_member=853_pso,0.0383754,6.95621,1,0.0158077,0.48219,0.48219,1,-999
10,gen=7_member=654_pso,0.0698856,6.66126,2,0.0162618,0.486196,0.486196,1,-999
10,gen=5_member=461_pso,0.0503191,6.8358,2,0.0161086,0.478628,0.478628,1,-999
10,gen=6_member=578_pso,0.177701,6.07297,2,0.0354755,0.490359,0.490359,1,-999
10,gen=6_member=597_pso,0.0248125,7.13081,1,0.00592783,0.474959,0.474959,1,-999
10,gen=8_member=730_pso,0.226432,5.88807,2,0.0157911,0.48127,0.48127,1,-999
10,gen=9_member=805_pso,0.0137308,7.19574,1,0.0151957,0.476607,0.476607,1,-999
10,gen=5_member=440_pso,0.0172044,7.18621,1,0.0147938,0.476391,0.476391,1,-999
10,gen=9_member=883_pso,0.181382,6.05438,1,0.014663,0.489753,0.489753,1,-999
10,gen=8_member=722_pso,0.170285,6.10628,2,0.196558,0.489387,0.489387,1,-999
10,gen=9_member=846_pso,0.187344,6.03216,1,0.0144175,0.491836,0.491836,1,-999
10,gen=6_member=520_pso,0.0676353,6.67264,2,0.0148273,0.485646,0.485646,1,-999
10,gen=8_member=716_pso,0.109042,6.40306,1,0.0139886,0.485868,0.485868,1,-999
10,gen=9_member=803_pso,0.183315,6.04278,1,0.0139835,0.490144,0.490144,1,-999
10,gen=8_member=711_pso,0.195198,6.00097,2,0.0908524,0.489574,0.489574,1,-999
10,gen=8_member=799_pso,0.040867,6.93531,1,0.0124983,0.483253,0.483253,1,-999
10,gen=8_member=713_pso,0.192472,6.01211,1,0.0121952,0.490639,0.490639,1,-999
10,gen=9_member=847_pso,0.0839632,6.55873,1,0.0120742,0.485069,0.485069,1,-999
10,gen=7_member=643_pso,0.0797641,6.58584,2,0.0123522,0.486309,0.486309,1,-999
10,gen=8_member=732_pso,0.174956,6.08212,1,0.00642428,0.489946,0.489946,1,-999
10,gen=9_member=878_pso,0.0303128,7.05874,1,0.0119116,0.475545,0.475545,1,-999
10,gen=7_member=603_pso,0.184821,6.04228,1,0.011911,0.489946,0.489946,1,-999
10,gen=8_member=746_pso,0.0529959,6.8135,2,0.0123075,0.478806,0.478806,1,-999
10,gen=7_member=691_pso,0.164799,6.12738,1,0.00816509,0.486773,0.486773,1,-999
10,gen=6_member=504_pso,0.18979,6.02125,1,0.0117473,0.490121,0.490121,1,-999
10,gen=6_member=512_pso,0.201026,5.97492,2,0.0119198,0.485708,0.485708,1,-999
10,gen=6_member=506_pso,0.0491629,6.84512,2,0.0115735,0.479761,0.479761,1,-999
10,gen=6_member=548_pso,0.193233,6.00884,1,0.0109453,0.491314,0.491314,1,-999
10,gen=6_member=513_pso,0.190233,6.02098,1,0.010904,0.490032,0.490032,1,-999
10,gen=9_member=842_pso,0.179709,6.06028,1,0.020482,0.490032,0.490032,1,-999
10,gen=8_member=794_pso,0.119518,6.34597,2,0.151739,0.489809,0.489809,1,-999
10,gen=6_member=523_pso,0.121183,6.33728,1,0.0126422,0.490353,0.490353,1,-999
10,gen=9_member=851_pso,0.122129,6.3354,1,0.0105661,0.490839,0.490839,1,-999
10,gen=9_member=876_pso,0.112774,6.38868,1,0.0105374,0.487309,0.487309,1,-999
10,gen=7_member=668_pso,0.0743937,6.62278,2,0.0108537,0.487143,0.487143,1,-999
10,gen=4_member=368_pso,0.0538861,6.80258,2,0.0108456,0.479511,0.479511,1,-999
10,gen=9_member=807_pso,0.0767304,6.60993,2,0.0107311,0.487398,0.487398,1,-999
10,gen=5_member=418_pso,0.0731863,6.63572,2,0.0107062,0.485419,0.485419,1,-999
10,gen=8_member=769_pso,0.186244,6.03306,1,0.0102591,0.491808,0.491808,1,-999
10,gen=8_member=727_pso,0.0438656,6.90156,2,0.188096,0.482896,0.482896,1,-999
10,gen=7_member=632_pso,0.0603086,6.74134,2,0.010379,0.483305,0.483305,1,-999
10,gen=9_member=866_pso,0.165931,6.12468,1,0.00999135,0.487085,0.487085,1,-999
10,gen=6_member=502_pso,0.0345875,6.99571,1,0.00995933,0.481745,0.481745,1,-999
10,gen=7_member=609_pso,0.200344,5.9766,2,0.0244907,0.486129,0.486129,1,-999
10,gen=8_member=759_pso,0.123782,6.32285,1,0.00983061,1.49115,1.49115,1,-999
10,gen=6_member=563_pso,0.113578,6.38234,1,0.00983035,0.48835,0.48835,1,-999
10,gen=5_member=453_pso,0.0323251,7.02983,1,0.0097277,0.47594,0.47594,1,-999
10,gen=3_member=253_pso,0.0363793,6.97884,1,0.00972506,0.481315,0.481315,1,-999
10,gen=7_member=659_pso,0.0475652,6.86633,2,0.0100046,0.483976,0.483976,1,-999
10,gen=9_member=859_pso,0.0757689,6.61409,2,0.00982003,0.48838,0.48838,1,-999
10,gen=7_member=698_pso,0.0623435,6.71807,2,0.00979158,0.483093,0.483093,1,-999
10,gen=8_member=791_pso,0.0813894,6.57684,2,0.0364286,0.487682,0.487682,1,-999
10,gen=8_member=714_pso,0.0237375,7.13309,1,0.00881534,0.474753,0.474753,1,-999
10,gen=8_member=792_pso,0.0448781,6.89351,2,0.00886655,0.481013,0.481013,1,-999
10,gen=4_member=335_pso,0.0304349,7.05394,1,0.00818239,0.475894,0.475894,1,-999
10,gen=8_member=719_pso,0.178726,6.06422,2,0.0735315,0.489891,0.489891,1,-999
10,gen=5_member=479_pso,0.0369793,6.97206,1,0.0081165,0.481013,0.481013,1,-999
10,gen=9_member=818_pso,0.0626385,6.71757,2,0.00837831,0.483218,0.483218,1,-999
10,gen=5_member=465_pso,0.0660064,6.69536,2,0.00828733,0.487318,0.487318,1,-999
10,gen=6_member=569_pso,0.0823514,6.56696,1,0.00801357,0.486292,0.486292,1,-999
10,gen=8_member=782_pso,0.195164,6.00185,1,0.00792326,0.48978,0.48978,1,-999
10,gen=5_member=470_pso,0.0715048,6.64868,2,0.00823963,0.485568,0.485568,1,-999
10,gen=7_member=652_pso,0.110917,6.39519,1,0.00790841,0.487783,0.487783,1,-999
10,gen=4_member=340_pso,0.0459754,6.87644,2,0.00800293,0.483589,0.483589,1,-999
10,gen=7_member=623_pso,0.13045,6.29221,2,0.00796753,0.484984,0.484984,1,-999
10,gen=9_member=826_pso,0.0598739,6.7427,2,0.00783304,0.482978,0.482978,1,-999
10,gen=8_member=702_pso,0.110987,6.3942,1,0.00755084,0.487807,0.487807,1,-999
10,gen=5_member=429_pso,0.0424053,6.92033,1,0.00651768,0.48181,0.48181,1,-999
10,gen=6_member=564_pso,0.0339299,7.01163,1,0.00715708,0.479026,0.479026,1,-999
10,gen=4_member=323_pso,0.0643371,6.70769,2,0.00734227,0.484935,0.484935,1,-999
10,gen=8_member=705_pso,0.0783224,6.59404,2,0.00722808,0.487241,0.487241,1,-999
10,gen=7_member=636_pso,0.124546,6.31578,1,0.00688958,0.490754,0.490754,1,-999
10,gen=8_member=789_pso,0.0718462,6.64602,2,0.00706683,0.485274,0.485274,1,-999
10,gen=5_member=407_pso,0.0643855,6.70095,2,0.00701549,0.486514,0.486514,1,-999
10,gen=6_member=537_pso,0.0663575,6.68579,2,0.00684564,0.486078,0.486078,1,-999
10,gen=7_member=683_pso,0.0328273,7.02567,1,0.00652505,0.476403,0.476403,1,-999
10,gen=6_member=519_pso,0.0467824,6.87225,2,0.00668131,0.484584,0.484584,1,-999
10,gen=5_member=481_pso,0.0134672,7.20248,1,0.0061526,0.478145,0.478145,1,-999
10,gen=7_member=619_pso,0.0784503,6.59387,2,0.00605885,0.487196,0.487196,1,-999
10,gen=5_member=425_pso,0.0122176,7.2337,1,0.00547967,0.477661,0.477661,1,-999
10,gen=7_member=666_pso,0.00535244,7.48003,1,0.00382599,0.471015,0.471015,1,-999
10,gen=4_member=310_pso,0.00452216,7.52469,1,0.00176334,0.469749,0.469749,1,-999
10,gen=5_member=483_pso,0.0113706,7.26319,1,0.00502924,0.479813,0.479813,1,-999
10,gen=5_member=462_pso,0.0414492,6.93226,1,0.0037219,0.483976,0.483976,1,-999
10,gen=7_member=689_pso,0.00639246,7.43002,1,0.00467129,0.475539,0.475539,1,-999
10,gen=7_member=671_pso,0.00339105,7.60174,1,0.00359893,0.471314,0.471314,1,-999
10,gen=7_member=635_pso,0.00591693,7.461,1,0.00422877,0.473095,0.473095,1,-999
10,gen=9_member=854_pso,0.00866988,7.3473,1,0.00407844,0.480133,0.480133,1,-999
10,gen=6_member=543_pso,0.0071227,7.4069,1,0.00123003,0.474108,0.474108,1,-999
10,gen=7_member=693_pso,0.0819924,6.57054,1,0.0904604,0.487143,0.487143,1,-999
10,gen=6_member=552_pso,0.042073,6.92444,1,0.00253308,0.482705,0.482705,1,-999
10,gen=7_member=637_pso,0.00932671,7.32719,1,0.00381708,0.47915,0.47915,1,-999
10,gen=5_member=409_pso,0.00820615,7.35966,1,0.00380477,0.478293,0.478293,1,-999
10,gen=6_member=540_pso,0.0532476,6.80896,2,0.00374099,0.478163,0.478163,1,-999
10,gen=6_member=508_pso,0.0121195,7.23882,1,0.00344425,0.478832,0.478832,1,-999
10,gen=4_member=313_pso,0.00738792,7.38661,1,0.00340679,0.477682,0.477682,1,-999
10,gen=3_member=284_pso,0.130931,6.28752,2,0.167413,0.483881,0.483881,1,-999
10,gen=5_member=457_pso,0.00465274,7.51609,1,0.00184523,0.4688,0.4688,1,-999
10,gen=9_member=837_pso,0.0108826,7.26894,1,0.00308824,0.479664,0.479664,1,-999
10,gen=7_member=655_pso,0.00960864,7.31828,1,0.0026489,0.479704,0.479704,1,-999
10,gen=5_member=467_pso,0.00997817,7.29499,1,0.00262638,0.477881,0.477881,1,-999
10,gen=6_member=591_pso,0.0102546,7.29384,1,0.0025733,0.477827,0.477827,1,-999
10,gen=5_member=474_pso,0.010611,7.28511,1,0.00255368,0.478601,0.478601,1,-999
10,gen=3_member=270_pso,0.00333395,7.60996,1,0.00241039,0.472881,0.472881,1,-999
10,gen=5_member=438_pso,0.00279824,7.64919,1,0.00240251,0.4688,0.4688,1,-999
10,gen=6_member=587_pso,0.000629571,7.95835,1,0.00230387,0.447686,0.447686,1,-999
10,gen=8_member=785_pso,0.00201433,7.72465,1,0.00192336,0.47105,0.47105,1,-999
10,gen=5_member=496_pso,0.00832366,7.35699,1,0.00188552,0.478906,0.478906,1,-999
10,gen=6_member=586_pso,0.00167202,7.77026,1,0.00188023,0.472414,0.472414,1,-999
10,gen=6_member=582_pso,0.00119286,7.84448,1,0.00149566,0.466352,0.466352,1,-999
10,gen=6_member=549_pso,0.00148882,7.7886,1,0.00145991,0.470262,0.470262,1,-999
10,gen=5_member=419_pso,0.002564,7.66213,1,0.00132832,0.470262,0.470262,1,-999
10,gen=9_member=852_pso,0.00736829,7.39833,1,0.00107842,0.475425,0.475425,1,-999
10,gen=5_member=482_pso,0.000891618,7.90038,1,0.000979558,0.459615,0.459615,1,-999
10,gen=5_member=431_pso,0.00274308,7.65348,1,0.000952431,0.468988,0.468988,1,-999
10,gen=4_member=318_pso,0.000740784,7.93988,1,0.000924591,0.451418,0.451418,1,-999
10,gen=3_member=297_pso,0.00236749,7.69187,1,0.000904838,0.467453,0.467453,1,-999
10,gen=9_member=898_pso,0.00219386,7.70018,1,0.000904456,0.466352,0.466352,1,-999
10,gen=5_member=460_pso,0.0024164,7.68899,1,0.000799028,0.468083,0.468083,1,-999
10,gen=6_member=588_pso,0.00155191,7.78572,1,0.000744908,0.470898,0.470898,1,-999
10,gen=6_member=595_pso,0.00214505,7.71196,1,0.000729991,0.468927,0.468927,1,-999
10,gen=6_member=531_pso,0.000981695,7.87872,1,0.000706499,0.464236,0.464236,1,-999
10,gen=5_member=475_pso,0.00106537,7.86639,1,0.000566328,0.466908,0.466908,1,-999
10,gen=4_member=330_pso,0.00112098,7.85459,1,0.000518357,0.46611,0.46611,1,-999
10,gen=6_member=534_pso,0.000664225,7.95574,1,0.000452196,0.44821,0.44821,1,-999
10,gen=6_member=530_pso,0.241938,5.82919,1,0.176681,0.467575,0.467575,1,-999
10,gen=10_member=987_pso,0.246036,5.81771,1,1e+30,0.46493,0.46493,1,-999
10,gen=10_member=939_pso,9.76148e-05,8,1,1e+30,1.43949,1.43949,1,-999
10,gen=10_member=995_pso,0.199351,5.84167,1,0.176237,11.4715,11.4715,1,-999
10,gen=10_member=964_pso,0.0601037,6.57337,1,0.155797,22.4867,22.4867,1,-999
10,gen=10_member=929_pso,0.133755,6.14474,1,0.129057,0.481936,0.481936,1,-999
10,gen=10_member=992_pso,0.0436759,6.71103,1,0.0719624,19.4829,19.4829,1,-999
10,gen=10_member=972_pso,0.0986015,6.47227,1,0.0342757,0.479665,0.479665,1,-999
10,gen=10_member=938_pso,0.0883683,6.52681,1,0.0267679,1.48356,1.48356,1,-999
10,gen=10_member=916_pso,0.127499,6.16691,1,0.0200347,3.47683,3.47683,1,-999
10,gen=10_member=952_pso,0.176345,6.06334,1,0.0193253,2.4898,2.4898,1,-999
10,gen=10_member=915_pso,0.119019,6.34575,1,0.0107833,1.48984,1.48984,1,-999
10,gen=10_member=988_pso,0.16894,6.10432,1,0.0143423,1.4898,1.4898,1,-999
10,gen=10_member=944_pso,0.195181,5.999,1,0.0139499,1.48912,1.48912,1,-999
10,gen=10_member=932_pso,0.124538,6.3258,2,0.0399975,0.490481,0.490481,1,-999
10,gen=10_member=963_pso,0.115476,6.36457,1,0.0135806,0.489586,0.489586,1,-999
10,gen=10_member=978_pso,0.107344,6.41926,1,0.0134171,0.482092,0.482092,1,-999
10,gen=10_member=909_pso,0.00497598,7.5015,1,0.00284504,0.466881,0.466881,1,-999
10,gen=10_member=912_pso,0.00421907,7.55263,1,0.00459917,0.467624,0.467624,1,-999
10,gen=10_member=919_pso,0.0251954,7.12444,1,0.0109494,0.473928,0.473928,1,-999
10,gen=10_member=950_pso,0.00706578,7.41419,1,0.00296918,0.475752,0.475752,1,-999
10,gen=10_member=946_pso,0.170783,6.10236,1,0.00771255,0.490335,0.490335,1,-999
10,gen=10_member=911_pso,0.163923,6.1276,1,0.00723157,0.486952,0.486952,1,-999
10,gen=10_member=974_pso,0.0417823,6.92917,1,0.00253606,0.48381,0.48381,1,-999
10,gen=10_member=979_pso,0.126353,6.30492,1,0.00508234,0.488117,0.488117,1,-999
10,gen=10_member=927_pso,0.126249,6.30925,1,0.00356402,0.489141,0.489141,1,-999
10,gen=10_member=921_pso,0.243117,5.81842,1,0,0.465253,0.465253,1,-999
11,gen=10_member=939_pso,9.76148e-05,8,1,1e+30,0.448481,0.448481,1,-999
11,gen=10_member=987_pso,0.246036,5.81771,1,1e+30,0.4549,0.4549,1,-999
11,gen=6_member=530_pso,0.241938,5.82919,1,0.176681,0.457429,0.457429,1,-999
11,gen=10_member=995_pso,0.199351,5.84167,1,0.184899,0.461409,0.461409,1,-999
11,gen=10_member=964_pso,0.0601037,6.57337,1,0.0767072,0.479091,0.479091,1,-999
11,gen=10_member=929_pso,0.133755,6.14474,2,0.186202,0.485661,0.485661,1,-999
11,gen=9_member=833_pso,0.16302,6.12986,2,0.1532,0.487993,0.487993,1,-999
11,gen=7_member=693_pso,0.0819924,6.57054,2,0.202852,0.481145,0.481145,1,-999
11,gen=10_member=992_pso,0.0436759,6.71103,1,0.125613,0.453513,0.453513,1,-999
11,gen=10_member=972_pso,0.0986015,6.47227,1,0.0217369,0.483093,0.483093,1,-999
11,gen=6_member=528_pso,0.0945761,6.49318,1,0.0272319,0.483934,0.483934,1,-999
11,gen=10_member=938_pso,0.0883683,6.52681,1,0.0152269,0.486745,0.486745,1,-999
11,gen=8_member=700_pso,0.0226444,7.15495,1,0.025894,0.476983,0.476983,1,-999
11,gen=9_member=881_pso,0.13128,6.15383,1,0.0170944,0.48429,0.48429,1,-999
11,gen=9_member=808_pso,0.0919041,6.49768,1,0.0154495,0.484314,0.484314,1,-999
11,gen=7_member=629_pso,0.103006,6.44355,2,0.0957516,0.483681,0.483681,1,-999
11,gen=4_member=311_pso,0.0173692,7.18439,1,0.0221196,0.479664,0.479664,1,-999
11,gen=5_member=436_pso,0.0275053,7.09081,2,0.0259868,0.47711,0.47711,1,-999
11,gen=9_member=842_pso,0.179709,6.06028,2,0.0255802,0.490121,0.490121,1,-999
11,gen=10_member=916_pso,0.127499,6.16691,1,0.0497997,0.481841,0.481841,1,-999
11,gen=10_member=952_pso,0.176345,6.06334,2,0.0241355,0.490335,0.490335,1,-999
11,gen=6_member=509_pso,0.0853209,6.54439,2,0.0967007,0.48732,0.48732,1,-999
11,gen=8_member=779_pso,0.104177,6.43407,2,0.0220291,0.484134,0.484134,1,-999
11,gen=9_member=806_pso,0.198595,5.9858,2,1e+30,0.485674,0.485674,1,-999
11,gen=5_member=405_pso,0.174765,6.09213,2,0.0209178,0.490312,0.490312,1,-999
11,gen=8_member=786_pso,0.170837,6.09488,2,0.0202181,0.489753,0.489753,1,-999
11,gen=9_member=853_pso,0.0383754,6.95621,2,0.0197424,0.482332,0.482332,1,-999
11,gen=9_member=805_pso,0.0137308,7.19574,1,0.0151957,0.482335,0.482335,1,-999
11,gen=5_member=440_pso,0.0172044,7.18621,1,0.0147938,0.480085,0.480085,1,-999
11,gen=9_member=883_pso,0.181382,6.05438,2,0.0183127,0.490366,0.490366,1,-999
11,gen=9_member=846_pso,0.187344,6.03216,2,0.0180061,0.491624,0.491624,1,-999
11,gen=7_member=688_pso,0.118531,6.35298,2,0.017992,0.489502,0.489502,1,-999
11,gen=10_member=988_pso,0.16894,6.10432,2,0.0179123,0.488917,0.488917,1,-999
11,gen=8_member=716_pso,0.109042,6.40306,2,0.0174705,0.485868,0.485868,1,-999
11,gen=9_member=803_pso,0.183315,6.04278,2,0.0174642,0.490144,0.490144,1,-999
11,gen=10_member=944_pso,0.195181,5.999,2,0,0.488224,0.488224,1,-999
11,gen=10_member=963_pso,0.115476,6.36457,2,0.0169609,0.487893,0.487893,1,-999
11,gen=10_member=978_pso,0.107344,6.41926,2,0.0167568,0.483741,0.483741,1,-999
11,gen=6_member=523_pso,0.121183,6.33728,2,0.015789,0.487309,0.487309,1,-999
11,gen=8_member=799_pso,0.040867,6.93531,2,0.0156092,0.478305,0.478305,1,-999
11,gen=8_member=707_pso,0.167256,6.11088,2,0.0152784,0.488184,0.488184,1,-999
11,gen=8_member=713_pso,0.192472,6.01211,2,0.0152307,0.488639,0.488639,1,-999
11,gen=9_member=847_pso,0.0839632,6.55873,2,0.0150796,0.483934,0.483934,1,-999
11,gen=9_member=878_pso,0.0303128,7.05874,2,0.0148766,0.476983,0.476983,1,-999
11,gen=7_member=603_pso,0.184821,6.04228,2,0.0148757,0.489946,0.489946,1,-999
11,gen=6_member=504_pso,0.18979,6.02125,2,0.0146714,0.490121,0.490121,1,-999
11,gen=10_member=919_pso,0.0251954,7.12444,2,0.0776331,0.476403,0.476403,1,-999
11,gen=6_member=548_pso,0.193233,6.00884,2,0.0136697,0.488505,0.488505,1,-999
11,gen=6_member=513_pso,0.190233,6.02098,2,0.0136181,0.490032,0.490032,1,-999
11,gen=10_member=915_pso,0.119019,6.34575,2,0.0134674,0.489387,0.489387,1,-999
11,gen=9_member=851_pso,0.122129,6.3354,2,0.0131962,0.486834,0.486834,1,-999
11,gen=9_member=876_pso,0.112774,6.38868,2,0.0131602,0.487309,0.487309,1,-999
11,gen=8_member=769_pso,0.186244,6.03306,2,0.0128127,0.491349,0.491349,1,-999
11,gen=9_member=866_pso,0.165931,6.12468,2,0.0124783,0.48893,0.48893,1,-999
11,gen=6_member=502_pso,0.0345875,6.99571,2,0.0124383,0.482705,0.482705,1,-999
11,gen=8_member=759_pso,0.123782,6.32285,2,0.0122776,0.485352,0.485352,1,-999
11,gen=6_member=563_pso,0.113578,6.38234,2,0.0122772,0.48835,0.48835,1,-999
11,gen=5_member=453_pso,0.0323251,7.02983,2,0.012149,0.476646,0.476646,1,-999
11,gen=3_member=253_pso,0.0363793,6.97884,2,0.0121457,0.48185,0.48185,1,-999
11,gen=8_member=714_pso,0.0237375,7.13309,1,0.00881534,0.475904,0.475904,1,-999
11,gen=4_member=335_pso,0.0304349,7.05394,2,0.0102191,0.476632,0.476632,1,-999
11,gen=7_member=691_pso,0.164799,6.12738,2,0.0101975,0.488665,0.488665,1,-999
11,gen=5_member=479_pso,0.0369793,6.97206,2,0.0101368,0.483306,0.483306,1,-999
11,gen=6_member=569_pso,0.0823514,6.56696,2,0.0100082,0.481977,0.481977,1,-999
11,gen=8_member=782_pso,0.195164,6.00185,2,0.00989544,0.48764,0.48764,1,-999
11,gen=7_member=652_pso,0.110917,6.39519,2,0.0098769,0.487783,0.487783,1,-999
11,gen=6_member=535_pso,0.115191,6.36946,2,0.00963892,0.488425,0.488425,1,-999
11,gen=10_member=946_pso,0.170783,6.10236,2,0.00963229,0.489472,0.489472,1,-999
11,gen=8_member=702_pso,0.110987,6.3942,2,0.00943033,0.487807,0.487807,1,-999
11,gen=10_member=911_pso,0.163923,6.1276,2,0.00903158,0.488567,0.488567,1,-999
11,gen=6_member=564_pso,0.0339299,7.01163,2,0.00893856,0.480115,0.480115,1,-999
11,gen=5_member=434_pso,0.125476,6.31249,2,0.0086473,0.485933,0.485933,1,-999
11,gen=4_member=391_pso,0.107476,6.41443,2,0.00862256,0.484862,0.484862,1,-999
11,gen=7_member=636_pso,0.124546,6.31578,2,0.00860447,0.485626,0.485626,1,-999
11,gen=7_member=683_pso,0.0328273,7.02567,2,0.0081492,0.47689,0.47689,1,-999
11,gen=5_member=429_pso,0.0424053,6.92033,2,0.202716,0.474883,0.474883,1,-999
11,gen=8_member=732_pso,0.174956,6.08212,2,0.00802334,0.488848,0.488848,1,-999
11,gen=5_member=481_pso,0.0134672,7.20248,1,0.0321145,0.482495,0.482495,1,-999
11,gen=6_member=597_pso,0.0248125,7.13081,1,0.00590601,0.475904,0.475904,1,-999
11,gen=5_member=425_pso,0.0122176,7.2337,2,0.0664011,0.485124,0.485124,1,-999
11,gen=10_member=979_pso,0.126353,6.30492,2,0.0381131,0.484145,0.484145,1,-999
11,gen=5_member=483_pso,0.0113706,7.26319,2,0.00628106,0.483678,0.483678,1,-999
11,gen=8_member=788_pso,0.242803,5.82685,1,0.00479332,0.456909,0.456909,1,-999
11,gen=7_member=689_pso,0.00639246,7.43002,2,0.00583402,0.477399,0.477399,1,-999
11,gen=10_member=912_pso,0.00421907,7.55263,1,0.00450756,0.468083,0.468083,1,-999
11,gen=7_member=635_pso,0.00591693,7.461,2,0.00528135,0.475275,0.475275,1,-999
11,gen=9_member=854_pso,0.00866988,7.3473,2,0.0050936,0.482386,0.482386,1,-999
11,gen=7_member=666_pso,0.00535244,7.48003,2,0.00477831,0.471314,0.471314,1,-999
11,gen=7_member=637_pso,0.00932671,7.32719,2,0.00476719,0.482818,0.482818,1,-999
11,gen=5_member=409_pso,0.00820615,7.35966,2,0.00475182,0.482023,0.482023,1,-999
11,gen=5_member=462_pso,0.0414492,6.93226,2,0.00464831,0.477599,0.477599,1,-999
11,gen=7_member=671_pso,0.00339105,7.60174,1,0.00359893,0.473883,0.473883,1,-999
11,gen=10_member=927_pso,0.126249,6.30925,2,0.00445114,0.485151,0.485151,1,-999
11,gen=6_member=508_pso,0.0121195,7.23882,2,0.00430156,0.486331,0.486331,1,-999
11,gen=4_member=313_pso,0.00738792,7.38661,2,0.00425478,0.477827,0.477827,1,-999
11,gen=9_member=837_pso,0.0108826,7.26894,2,0.00385693,0.482335,0.482335,1,-999
11,gen=10_member=950_pso,0.00706578,7.41419,2,0.00370823,0.477112,0.477112,1,-999
11,gen=10_member=909_pso,0.00497598,7.5015,2,0.0035532,0.472831,0.472831,1,-999
11,gen=7_member=655_pso,0.00960864,7.31828,2,0.00330824,0.480885,0.480885,1,-999
11,gen=5_member=467_pso,0.00997817,7.29499,2,0.00328012,0.484332,0.484332,1,-999
11,gen=6_member=591_pso,0.0102546,7.29384,2,0.00321382,0.484177,0.484177,1,-999
11,gen=5_member=474_pso,0.010611,7.28511,2,0.00318931,0.482646,0.482646,1,-999
11,gen=10_member=974_pso,0.0417823,6.92917,2,0.00316731,0.47689,0.47689,1,-999
11,gen=6_member=552_pso,0.042073,6.92444,2,0.00316359,0.475816,0.475816,1,-999
11,gen=3_member=270_pso,0.00333395,7.60996,1,0.00241039,0.474278,0.474278,1,-999
11,gen=5_member=438_pso,0.00279824,7.64919,1,0.00240251,0.471459,0.471459,1,-999
11,gen=6_member=587_pso,0.000629571,7.95835,1,0.00230387,0.457018,0.457018,1,-999
11,gen=8_member=785_pso,0.00201433,7.72465,1,0.00197912,0.481819,0.481819,1,-999
11,gen=5_member=496_pso,0.00832366,7.35699,2,0.00235484,0.482379,0.482379,1,-999
11,gen=6_member=586_pso,0.00167202,7.77026,2,1e+30,0.477068,0.477068,1,-999
11,gen=5_member=457_pso,0.00465274,7.51609,2,0.00230452,0.469591,0.469591,1,-999
11,gen=4_member=310_pso,0.00452216,7.52469,2,0.0151365,0.470281,0.470281,1,-999
11,gen=6_member=582_pso,0.00119286,7.84448,1,0.00149566,0.473066,0.473066,1,-999
11,gen=6_member=549_pso,0.00148882,7.7886,1,0.00145991,0.476933,0.476933,1,-999
11,gen=5_member=419_pso,0.002564,7.66213,1,0.00132832,0.474048,0.474048,1,-999
11,gen=6_member=543_pso,0.0071227,7.4069,2,0.0015362,0.477411,0.477411,1,-999
11,gen=9_member=852_pso,0.00736829,7.39833,2,0.00134685,0.475467,0.475467,1,-999
11,gen=5_member=482_pso,0.000891618,7.90038,1,0.000979558,0.469457,0.469457,1,-999
11,gen=5_member=431_pso,0.00274308,7.65348,1,0.000952431,0.472414,0.472414,1,-999
11,gen=4_member=318_pso,0.000740784,7.93988,1,0.000924591,0.460908,0.460908,1,-999
11,gen=3_member=297_pso,0.00236749,7.69187,1,0.000904838,0.478438,0.478438,1,-999
11,gen=9_member=898_pso,0.00219386,7.70018,1,0.000904456,0.478831,0.478831,1,-999
11,gen=5_member=460_pso,0.0024164,7.68899,1,0.000799028,0.479097,0.479097,1,-999
11,gen=6_member=588_pso,0.00155191,7.78572,1,0.000434265,0.477588,0.477588,1,-999
11,gen=6_member=595_pso,0.00214505,7.71196,1,0.000729991,0.481546,0.481546,1,-999
11,gen=6_member=531_pso,0.000981695,7.87872,1,0.000706499,0.474246,0.474246,1,-999
11,gen=5_member=475_pso,0.00106537,7.86639,1,0.000566328,0.477035,0.477035,1,-999
11,gen=4_member=330_pso,0.00112098,7.85459,1,0.000518357,0.475339,0.475339,1,-999
11,gen=6_member=534_pso,0.000664225,7.95574,1,0.000452196,0.457564,0.457564,1,-999
11,gen=10_member=921_pso,0.243117,5.81842,1,0,0.4552,0.4552,1,-999
11,gen=11_member=1005_pso,0.196464,5.85876,1,0.116921,4.46509,4.46509,1,-999
11,gen=11_member=1043_pso,0.170596,5.92614,1,0.105879,71.4745,71.4745,1,-999
11,gen=11_member=1010_pso,0.0625412,6.54209,1,0.103118,4.4858,4.4858,1,-999
11,gen=11_member=1091_pso,0.0854643,6.53911,1,0.0960621,0.488562,0.488562,1,-999
11,gen=11_member=1021_pso,0.157789,5.98113,1,0.084237,94.4856,94.4856,1,-999
11,gen=11_member=1002_pso,0.0292106,6.88352,1,0.0751647,28.4668,28.4668,1,-999
11,gen=11_member=1014_pso,0.142307,6.05025,1,0.0732064,58.4865,58.4865,1,-999
11,gen=11_member=1078_pso,0.149708,6.03735,1,0.0629511,66.4875,66.4875,1,-999
11,gen=11_member=1051_pso,0.119033,6.16873,1,0.0575521,35.4804,35.4804,1,-999
11,gen=11_member=1082_pso,0.113345,6.20015,1,0.0546968,55.478,55.478,1,-999
11,gen=11_member=1008_pso,0.170425,5.9576,1,0.0520718,71.4802,71.4802,1,-999
11,gen=11_member=1012_pso,0.105581,6.23902,1,0.0458737,73.4767,73.4767,1,-999
11,gen=11_member=1095_pso,0.131703,6.11044,1,0.0448351,21.4874,21.4874,1,-999
11,gen=11_member=1031_pso,0.00583262,7.22864,1,0.0364625,32.4839,32.4839,1,-999
11,gen=11_member=1001_pso,0.102063,6.26102,1,0.023008,77.4777,77.4777,1,-999
11,gen=11_member=1073_pso,0.02519,6.904,1,0.0178832,30.4713,30.4713,1,-999
11,gen=11_member=1007_pso,0.099922,6.28183,1,0.0140737,77.4801,77.4801,1,-999
11,gen=11_member=1081_pso,0.0861665,6.53761,1,0.0118076,0.488946,0.488946,1,-999
11,gen=11_member=1046_pso,0.0899114,6.5113,1,0.00979161,0.485491,0.485491,1,-999
11,gen=11_member=1093_pso,0.0907764,6.50991,1,0.00810254,0.48514,0.48514,1,-999
11,gen=11_member=1049_pso,0.00449963,7.27439,1,0.00656079,32.4824,32.4824,1,-999
11,gen=11_member=1061_pso,0.00159562,7.77161,1,0.000432622,0.477377,0.477377,1,-999
11,gen=11_member=1056_pso,0.0016583,7.77011,1,0.00170249,1.47704,1.47704,1,-999
12,gen=10_member=939_pso,9.76148e-05,8,2,1e+30,0.46611,0.46611,1,-999
12,gen=10_member=987_pso,0.246036,5.81771,2,1e+30,0.467245,0.467245,1,-999
12,gen=10_member=995_pso,0.199351,5.84167,2,0.290777,0.476609,0.476609,1,-999
12,gen=6_member=530_pso,0.241938,5.82919,2,0.176681,0.46984,0.46984,1,-999
12,gen=10_member=992_pso,0.0436759,6.71103,2,0.135524,0.460172,0.460172,1,-999
12,gen=11_member=1005_pso,0.196464,5.85876,1,0,0.48053,0.48053,1,-999
12,gen=11_member=1043_pso,0.170596,5.92614,1,0.0372267,0.472717,0.472717,1,-999
12,gen=11_member=1010_pso,0.0625412,6.54209,2,0.169914,0.487034,0.487034,1,-999
12,gen=11_member=1091_pso,0.0854643,6.53911,2,0.0960621,0.489566,0.489566,1,-999
12,gen=11_member=1021_pso,0.157789,5.98113,1,0.103748,0.46985,0.46985,1,-999
12,gen=10_member=964_pso,0.0601037,6.57337,1,0.0663692,0.482979,0.482979,1,-999
12,gen=11_member=1002_pso,0.0292106,6.88352,2,0.0766998,0.445573,0.445573,1,-999
12,gen=11_member=1014_pso,0.142307,6.05025,1,0.0447056,0.472234,0.472234,1,-999
12,gen=11_member=1078_pso,0.149708,6.03735,2,0.159164,0.473226,0.473226,1,-999
12,gen=11_member=1051_pso,0.119033,6.16873,1,0.0527922,0.482726,0.482726,1,-999
12,gen=11_member=1082_pso,0.113345,6.20015,1,0.0319863,0.480696,0.480696,1,-999
12,gen=11_member=1008_pso,0.170425,5.9576,2,0.201852,0.4746,0.4746,1,-999
12,gen=10_member=916_pso,0.127499,6.16691,1,0.0530099,0.481841,0.481841,1,-999
12,gen=11_member=1012_pso,0.105581,6.23902,1,0.0295249,0.481841,0.481841,1,-999
12,gen=11_member=1095_pso,0.131703,6.11044,1,0.0546173,0.480006,0.480006,1,-999
12,gen=11_member=1031_pso,0.00583262,7.22864,1,0.0396244,0.476825,0.476825,1,-999
12,gen=5_member=481_pso,0.0134672,7.20248,1,0.0400886,0.482495,0.482495,1,-999
12,gen=6_member=528_pso,0.0945761,6.49318,2,0.0272319,0.488562,0.488562,1,-999
12,gen=8_member=700_pso,0.0226444,7.15495,2,0.079363,0.471517,0.471517,1,-999
12,gen=11_member=1001_pso,0.102063,6.26102,1,0.0327199,0.481473,0.481473,1,-999
12,gen=4_member=311_pso,0.0173692,7.18439,1,0.00823944,0.47826,0.47826,1,-999
12,gen=10_member=972_pso,0.0986015,6.47227,2,0.0217369,0.484614,0.484614,1,-999
12,gen=11_member=1073_pso,0.02519,6.904,1,0.0408474,0.449071,0.449071,1,-999
12,gen=9_member=881_pso,0.13128,6.15383,2,0.202431,0.478701,0.478701,1,-999
12,gen=9_member=808_pso,0.0919041,6.49768,2,0.0154495,0.489733,0.489733,1,-999
12,gen=10_member=938_pso,0.0883683,6.52681,2,0.0152269,0.491594,0.491594,1,-999
12,gen=9_member=805_pso,0.0137308,7.19574,1,0.0189689,0.480958,0.480958,1,-999
12,gen=5_member=440_pso,0.0172044,7.18621,1,0.0184671,0.478679,0.478679,1,-999
12,gen=11_member=1007_pso,0.099922,6.28183,2,0.132874,0.478224,0.478224,1,-999
12,gen=11_member=1081_pso,0.0861665,6.53761,2,0.0118076,0.489177,0.489177,1,-999
12,gen=11_member=1046_pso,0.0899114,6.5113,2,0.00979161,0.490201,0.490201,1,-999
12,gen=8_member=714_pso,0.0237375,7.13309,2,0.00881534,0.468694,0.468694,1,-999
12,gen=11_member=1093_pso,0.0907764,6.50991,2,0.00810254,0.490571,0.490571,1,-999
12,gen=11_member=1049_pso,0.00449963,7.27439,1,0.00690138,0.471517,0.471517,1,-999
12,gen=6_member=597_pso,0.0248125,7.13081,2,0.0222541,0.469185,0.469185,1,-999
12,gen=8_member=788_pso,0.242803,5.82685,2,0.00479332,0.469306,0.469306,1,-999
12,gen=10_member=912_pso,0.00421907,7.55263,2,0.0782853,0.465644,0.465644,1,-999
12,gen=7_member=671_pso,0.00339105,7.60174,2,0.00359893,0.476543,0.476543,1,-999
12,gen=3_member=270_pso,0.00333395,7.60996,2,0.00241039,0.478417,0.478417,1,-999
12,gen=5_member=438_pso,0.00279824,7.64919,2,0.00240251,0.484784,0.484784,1,-999
12,gen=6_member=587_pso,0.000629571,7.95835,1,0.000406514,0.475339,0.475339,1,-999
12,gen=8_member=785_pso,0.00201433,7.72465,2,0.00197912,0.484508,0.484508,1,-999
12,gen=11_member=1056_pso,0.0016583,7.77011,2,0.00170249,0.480509,0.480509,1,-999
12,gen=6_member=582_pso,0.00119286,7.84448,2,0.00149566,0.477235,0.477235,1,-999
12,gen=6_member=549_pso,0.00148882,7.7886,2,0.00145991,0.478831,0.478831,1,-999
12,gen=5_member=419_pso,0.002564,7.66213,2,0.00132832,0.485344,0.485344,1,-999
12,gen=5_member=482_pso,0.000891618,7.90038,1,0.000801401,0.476275,0.476275,1,-999
12,gen=5_member=431_pso,0.00274308,7.65348,2,0.000952431,0.485794,0.485794,1,-999
12,gen=4_member=318_pso,0.000740784,7.93988,1,0.00115417,0.479548,0.479548,1,-999
12,gen=3_member=297_pso,0.00236749,7.69187,2,0.000904838,0.481174,0.481174,1,-999
12,gen=9_member=898_pso,0.00219386,7.70018,2,0.000904456,0.483106,0.483106,1,-999
12,gen=5_member=460_pso,0.0024164,7.68899,2,0.000799028,0.480991,0.480991,1,-999
12,gen=6_member=595_pso,0.00214505,7.71196,2,0.000729991,0.484784,0.484784,1,-999
12,gen=6_member=531_pso,0.000981695,7.87872,2,0.00393496,0.477783,0.477783,1,-999
12,gen=5_member=475_pso,0.00106537,7.86639,2,0.000566328,0.478021,0.478021,1,-999
12,gen=4_member=330_pso,0.00112098,7.85459,2,0.000518357,0.479548,0.479548,1,-999
12,gen=6_member=534_pso,0.000664225,7.95574,1,0.000564478,0.475929,0.475929,1,-999
12,gen=6_member=588_pso,0.00155191,7.78572,2,0.000434265,0.479491,0.479491,1,-999
12,gen=11_member=1061_pso,0.00159562,7.77161,2,0.000432622,0.480163,0.480163,1,-999
12,gen=10_member=921_pso,0.243117,5.81842,2,0,0.467721,0.467721,1,-999
12,gen=12_member=1117_pso,9.70908e-05,8,1,1e+30,1.46611,1.46611,1,-999
12,gen=12_member=1113_pso,0.197115,5.8138,1,1e+30,5.4707,5.4707,1,-999
12,gen=12_member=1199_pso,0.176819,5.899,1,0.131302,0.476695,0.476695,1,-999
12,gen=12_member=1123_pso,0.0480505,6.63995,1,0.0941972,0.471675,0.471675,1,-999
12,gen=12_member=1191_pso,0.149045,6.02191,1,0.0785822,1.47661,1.47661,1,-999
12,gen=12_member=1114_pso,0.0410397,6.71305,1,0.066628,0.460341,0.460341,1,-999
12,gen=12_member=1126_pso,0.0738018,6.42321,1,0.0660926,45.4786,45.4786,1,-999
12,gen=12_member=1107_pso,0.169485,5.93517,1,0.0650016,1.47209,1.47209,1,-999
12,gen=12_member=1158_pso,0.0284182,6.85595,1,0.0647046,3.45108,3.45108,1,-999
12,gen=12_member=1110_pso,0.062629,6.51049,1,0.0643364,23.491,23.491,1,-999
12,gen=12_member=1112_pso,0.0846035,6.36833,1,0.0562588,45.4742,45.4742,1,-999
12,gen=12_member=1174_pso,0.140237,6.06029,1,0.0538204,0.474524,0.474524,1,-999
12,gen=12_member=1134_pso,0.0991341,6.2792,1,0.0488969,1.4784,1.4784,1,-999
12,gen=12_member=1119_pso,0.0793647,6.41176,1,0.0454428,45.4765,45.4765,1,-999
12,gen=12_member=1164_pso,0.0924292,6.31812,1,0.0440844,12.4768,12.4768,1,-999
12,gen=12_member=1171_pso,0.0904487,6.33308,1,0.0397208,22.4773,22.4773,1,-999
12,gen=12_member=1147_pso,0.0188277,6.9996,1,0.0396961,3.45771,3.45771,1,-999
12,gen=12_member=1118_pso,0.10788,6.22525,1,0.0394094,0.485071,0.485071,1,-999
12,gen=12_member=1104_pso,0.0415451,6.70644,1,0.0355842,1.46019,1.46019,1,-999
12,gen=12_member=1133_pso,0.0756505,6.41383,1,0.0282356,45.4768,45.4768,1,-999
12,gen=12_member=1151_pso,0.117098,6.18554,1,0.024622,0.481578,0.481578,1,-999
12,gen=12_member=1115_pso,0.129476,6.11093,1,0.021339,1.48022,1.48022,1,-999
12,gen=12_member=1148_pso,0.114182,6.19188,1,0.0190504,0.480219,0.480219,1,-999
12,gen=12_member=1140_pso,0.00279134,7.39101,1,0.0172679,5.45308,5.45308,1,-999
12,gen=12_member=1109_pso,0.0268754,6.87678,1,0.0157436,3.44687,3.44687,1,-999
12,gen=12_member=1127_pso,0.0611264,6.52377,1,0.0128179,19.4889,19.4889,1,-999
12,gen=12_member=1176_pso,0.000898674,7.6362,1,0.00964236,17.4817,17.4817,1,-999
12,gen=12_member=1102_pso,0.00430075,7.29182,1,0.00867076,0.467704,0.467704,1,-999
12,gen=12_member=1155_pso,0.0282918,6.85847,1,0.00783099,3.45057,3.45057,1,-999
12,gen=12_member=1154_pso,0.00566045,7.24274,1,0.00676581,0.473682,0.473682,1,-999
12,gen=12_member=1137_pso,0.000584134,7.98587,1,0.0027027,0.469201,0.469201,1,-999
13,gen=12_member=1113_pso,0.197115,5.8138,1,1e+30,0.451755,0.451755,1,-999
13,gen=12_member=1199_pso,0.176819,5.899,1,0.12421,0.470364,0.470364,1,-999
13,gen=11_member=1021_pso,0.157789,5.98113,1,0.0570649,0.482899,0.482899,1,-999
13,gen=12_member=1123_pso,0.0480505,6.63995,1,0.0517733,0.469422,0.469422,1,-999
13,gen=12_member=1191_pso,0.149045,6.02191,1,0.0311401,0.479432,0.479432,1,-999
13,gen=12_member=1114_pso,0.0410397,6.71305,1,0.0538443,0.465986,0.465986,1,-999
13,gen=10_member=964_pso,0.0601037,6.57337,2,0.488481,0.476001,0.476001,1,-999
13,gen=12_member=1126_pso,0.0738018,6.42321,1,0.036606,0.487639,0.487639,1,-999
13,gen=12_member=1107_pso,0.169485,5.93517,1,0.0138002,0.476669,0.476669,1,-999
13,gen=12_member=1158_pso,0.0284182,6.85595,1,0.00369304,0.466426,0.466426,1,-999
13,gen=12_member=1110_pso,0.062629,6.51049,1,0.0146801,0.478929,0.478929,1,-999
13,gen=12_member=1112_pso,0.0846035,6.36833,1,0.0386893,0.487866,0.487866,1,-999
13,gen=11_member=1095_pso,0.131703,6.11044,1,0.0122761,0.485519,0.485519,1,-999
13,gen=12_member=1174_pso,0.140237,6.06029,1,0.0336516,0.485504,0.485504,1,-999
13,gen=10_member=916_pso,0.127499,6.16691,2,1e+30,0.486234,0.486234,1,-999
13,gen=11_member=1051_pso,0.119033,6.16873,1,0.0197801,0.485736,0.485736,1,-999
13,gen=12_member=1134_pso,0.0991341,6.2792,1,0.043369,0.480696,0.480696,1,-999
13,gen=12_member=1119_pso,0.0793647,6.41176,2,0.330608,0.486704,0.486704,1,-999
13,gen=11_member=1014_pso,0.142307,6.05025,1,0.011808,0.483099,0.483099,1,-999
13,gen=12_member=1164_pso,0.0924292,6.31812,1,0.0440844,0.483954,0.483954,1,-999
13,gen=11_member=1073_pso,0.02519,6.904,1,0.0296163,0.456286,0.456286,1,-999
13,gen=5_member=481_pso,0.0134672,7.20248,2,0.0635886,0.478512,0.478512,1,-999
13,gen=12_member=1171_pso,0.0904487,6.33308,1,0.0208026,0.483417,0.483417,1,-999
13,gen=12_member=1147_pso,0.0188277,6.9996,1,0.0550672,0.466426,0.466426,1,-999
13,gen=11_member=1031_pso,0.00583262,7.22864,1,0.00377232,0.482351,0.482351,1,-999
13,gen=12_member=1118_pso,0.10788,6.22525,1,0.0394094,0.486001,0.486001,1,-999
13,gen=11_member=1043_pso,0.170596,5.92614,1,0.0127278,0.474622,0.474622,1,-999
13,gen=12_member=1104_pso,0.0415451,6.70644,1,0.0194707,0.465097,0.465097,1,-999
13,gen=11_member=1001_pso,0.102063,6.26102,2,0,0.482394,0.482394,1,-999
13,gen=11_member=1082_pso,0.113345,6.20015,1,0.0319863,0.484989,0.484989,1,-999
13,gen=11_member=1012_pso,0.105581,6.23902,1,0.0297481,0.482726,0.482726,1,-999
13,gen=12_member=1133_pso,0.0756505,6.41383,1,0.0058135,0.48734,0.48734,1,-999
13,gen=12_member=1151_pso,0.117098,6.18554,1,0.024622,0.483631,0.483631,1,-999
13,gen=12_member=1115_pso,0.129476,6.11093,1,0.0194204,0.485736,0.485736,1,-999
13,gen=12_member=1148_pso,0.114182,6.19188,1,0.0190504,0.483297,0.483297,1,-999
13,gen=9_member=805_pso,0.0137308,7.19574,2,0.0294465,0.479168,0.479168,1,-999
13,gen=5_member=440_pso,0.0172044,7.18621,2,0.0286676,0.479065,0.479065,1,-999
13,gen=12_member=1140_pso,0.00279134,7.39101,1,0.00508247,0.46245,0.46245,1,-999
13,gen=12_member=1109_pso,0.0268754,6.87678,1,0.0120147,0.462032,0.462032,1,-999
13,gen=12_member=1127_pso,0.0611264,6.52377,1,0.01236,0.475883,0.475883,1,-999
13,gen=12_member=1176_pso,0.000898674,7.6362,1,0.00109641,0.441661,0.441661,1,-999
13,gen=12_member=1102_pso,0.00430075,7.29182,1,0.00366165,0.476976,0.476976,1,-999
13,gen=4_member=311_pso,0.0173692,7.18439,2,0.338016,0.479477,0.479477,1,-999
13,gen=12_member=1155_pso,0.0282918,6.85847,1,0.00290397,0.465986,0.465986,1,-999
13,gen=11_member=1049_pso,0.00449963,7.27439,1,0.0052412,0.480958,0.480958,1,-999
13,gen=12_member=1154_pso,0.00566045,7.24274,2,0.0990863,0.485553,0.485553,1,-999
13,gen=12_member=1137_pso,0.000584134,7.98587,2,1e+30,0.423115,0.423115,1,-999
13,gen=4_member=318_pso,0.000740784,7.93988,2,0.00179169,0.431511,0.431511,1,-999
13,gen=5_member=482_pso,0.000891618,7.90038,2,0.0387634,0.438995,0.438995,1,-999
13,gen=6_member=534_pso,0.000664225,7.95574,2,0.000876274,0.428579,0.428579,1,-999
13,gen=6_member=587_pso,0.000629571,7.95835,2,0.000631056,0.4281,0.4281,1,-999
13,gen=11_member=1005_pso,0.196464,5.85876,1,0,0.46085,0.46085,1,-999
13,gen=13_member=1281_pso,9.70908e-05,8,1,1e+30,0.420601,0.420601,1,-999
13,gen=13_member=1246_pso,0.0309368,6.83152,1,0.0610116,0.463353,0.463353,1,-999
13,gen=13_member=1238_pso,0.00879478,7.09517,1,0.0517028,16.474,16.474,1,-999
13,gen=13_member=1244_pso,0.164038,5.95075,1,0.0512013,0.476749,0.476749,1,-999
13,gen=13_member=1220_pso,0.152795,6.00671,1,0.0443825,0.481624,0.481624,1,-999
13,gen=13_member=1214_pso,0.135677,6.08107,1,0.0423412,0.485284,0.485284,1,-999
13,gen=13_member=1265_pso,0.0550761,6.57426,1,0.0356639,0.475849,0.475849,1,-999
13,gen=13_member=1231_pso,0.0448758,6.67305,1,0.0330191,0.463161,0.463161,1,-999
13,gen=13_member=1273_pso,0.14666,6.03037,1,0.0328977,0.480425,0.480425,1,-999
13,gen=13_member=1206_pso,0.019644,6.9893,1,0.0322931,0.468685,0.468685,1,-999
13,gen=13_member=1251_pso,0.171993,5.92055,1,0.0315909,0.474008,0.474008,1,-999
13,gen=13_member=1274_pso,0.0682566,6.46526,1,0.0311877,0.483264,0.483264,1,-999
13,gen=13_member=1260_pso,0.0883307,6.34798,1,0.0296684,0.483779,0.483779,1,-999
13,gen=13_member=1225_pso,0.123873,6.13755,1,0.0293148,3.48657,3.48657,1,-999
13,gen=13_member=1284_pso,0.127877,6.11871,1,0.0284409,0.485504,0.485504,1,-999
13,gen=13_member=1210_pso,0.167877,5.9382,1,0.0276488,0.477424,0.477424,1,-999
13,gen=13_member=1293_pso,0.0807083,6.37951,1,0.0272245,0.489178,0.489178,1,-999
13,gen=13_member=1232_pso,0.0601939,6.53405,1,0.0262003,0.4747,0.4747,1,-999
13,gen=13_member=1218_pso,0.0559645,6.56572,1,0.0259721,2.47591,2.47591,1,-999
13,gen=13_member=1282_pso,0.0640186,6.50209,1,0.0255218,0.480888,0.480888,1,-999
13,gen=13_member=1234_pso,0.142563,6.049,1,0.0220941,0.483196,0.483196,1,-999
13,gen=13_member=1222_pso,0.0676573,6.47353,1,0.0215106,0.48282,0.48282,1,-999
13,gen=13_member=1208_pso,0.102019,6.25993,1,0.0207645,1.48215,1.48215,1,-999
13,gen=13_member=1299_pso,0.131895,6.10411,1,0.0201688,0.486349,0.486349,1,-999
13,gen=13_member=1235_pso,0.120995,6.1531,1,0.0155776,3.48836,3.48836,1,-999
13,gen=13_member=1224_pso,0.076614,6.40293,1,0.015159,4.48634,4.48634,1,-999
13,gen=13_member=1216_pso,0.122102,6.15266,1,0.0146074,3.48821,3.48821,1,-999
13,gen=13_member=1213_pso,0.078637,6.39269,1,0.0130151,4.48882,4.48882,1,-999
13,gen=13_member=1211_pso,0.0290194,6.85146,1,0.0127837,0.466079,0.466079,1,-999
13,gen=13_member=1207_pso,0.0071274,7.15158,1,0.0125624,16.4807,16.4807,1,-999
13,gen=13_member=1262_pso,0.100974,6.26874,1,0.0119555,0.481236,0.481236,1,-999
13,gen=13_member=1257_pso,0.0754687,6.41722,1,0.00938319,0.487866,0.487866,1,-999
13,gen=13_member=1248_pso,0.025479,6.90281,1,0.0085543,0.456536,0.456536,1,-999
13,gen=13_member=1223_pso,0.0792398,6.38311,1,0.00776592,4.49008,4.49008,1,-999
13,gen=13_member=1292_pso,0.00855159,7.10894,1,0.00768418,16.4718,16.4718,1,-999
13,gen=13_member=1239_pso,0.0278461,6.87231,1,0.00718928,0.463003,0.463003,1,-999
13,gen=13_member=1261_pso,0.00219711,7.45579,1,0.00686512,0.45863,0.45863,1,-999
13,gen=13_member=1241_pso,0.00533336,7.23175,1,0.00676581,1.48308,1.48308,1,-999
13,gen=13_member=1221_pso,0.00607658,7.20475,1,0.00657189,0.479135,0.479135,1,-999
13,gen=13_member=1212_pso,0.00129779,7.55441,1,0.00538511,0.447098,0.447098,1,-999
13,gen=13_member=1215_pso,0.10149,6.26537,1,0.00530477,0.482027,0.482027,1,-999
13,gen=13_member=1202_pso,0.0550769,6.57331,1,0.00450906,2.47606,2.47606,1,-999
13,gen=13_member=1297_pso,0.00365168,7.31823,1,0.00439249,0.473148,0.473148,1,-999
13,gen=13_member=1255_pso,0.00377822,7.30179,1,0.00326882,0.476242,0.476242,1,-999
13,gen=13_member=1298_pso,0.0791782,6.3856,1,0.00305933,4.49051,4.49051,1,-999
13,gen=13_member=1256_pso,0.00265034,7.41072,1,0.00301609,0.461014,0.461014,1,-999
13,gen=13_member=1285_pso,0.000387444,7.79106,1,0.0020497,12.4527,12.4527,1,-999
13,gen=13_member=1280_pso,0.000723497,7.67458,1,0.00201888,6.44144,6.44144,1,-999
13,gen=13_member=1242_pso,0.00113615,7.57985,1,0.00181852,0.442159,0.442159,1,-999
13,gen=13_member=1283_pso,0.000500919,7.7444,1,0.0017057,12.4517,12.4517,1,-999
13,gen=13_member=1272_pso,0.00864132,7.09923,1,0.0012344,16.4738,16.4738,1,-999
13,gen=13_member=1294_pso,0.00093951,7.62245,1,0.00120534,0.438995,0.438995,1,-999
13,gen=13_member=1204_pso,0.00365673,7.31479,1,0.000642278,0.473919,0.473919,1,-999
