real_name,x1,x2,x3,x4,x5,x6,x7,x8,x9,x10,x11,x12,x13,x14,x15,x16,x17,x18,x19,x20,x21,x22,x23,x24,x25,x26,x27,x28,x29,x30
gen=0_member=0,0.363610514,0.497265896,0.870191344,0.772126121,0.542919896,0.261034331,0.712940335,0.753563219,0.163293128,0.08956873,0.978109463,0.78664191,0.549006876,0.511873564,0.561720212,0.610804244,0.890002717,0.415543097,0.309851691,0.688951411,0.593247801,0.347392819,0.201963349,0.450226801,0.028430246,0.547401856,0.398837866,0.007886626,0.569067053,0.140356783
gen=0_member=1,0.171083943,0.330697008,0.806845327,0.223165346,0.296402163,0.432472098,0.969468163,0.56748334,0.570209955,0.266313691,0.787470275,0.167649316,0.672646545,0.947281515,0.662024072,0.3519988,0.296468884,0.352934629,0.570202082,0.013720001,0.406467894,0.452324661,0.547359632,0.363350819,0.636025158,0.401740083,0.848236412,0.98010701,0.795015034,0.866234009
gen=0_member=2,0.256203884,0.064957381,0.761484372,0.107121891,0.234415925,0.362594146,0.997007339,0.408977582,0.834732952,0.928947751,0.949251629,0.900347606,0.079725068,0.325554433,0.720501598,0.824519722,0.500615366,0.662191477,0.413048014,0.477504845,0.035575795,0.799398926,0.847753026,0.543714864,0.790221681,0.580836407,0.534816843,0.155181756,0.370086805,0.151157607
gen=0_member=3,0.905081272,0.275262513,0.822652773,0.686135153,0.865190569,0.677021819,0.551556502,0.885723397,0.750136847,0.933654556,0.845926954,0.757059559,0.068559794,0.701826327,0.765983078,0.923356106,0.201238307,0.055856894,0.02281086,0.173389889,0.854613572,0.001670947,0.479984493,0.075929212,0.190710326,0.555647718,0.418284203,0.476162407,0.066861124,0.050140903
gen=0_member=4,0.275883493,0.236566161,0.686937247,0.126903879,0.486443554,0.166296406,0.380085869,0.834794042,0.792976705,0.259108275,0.022585617,0.013980646,0.864685417,0.877941838,0.779773748,0.060448479,0.092972771,0.543093518,0.688712417,0.604228982,0.683732138,0.179538552,0.455733727,0.656297236,0.390963503,0.079808857,0.695772663,0.014519723,0.08856247,0.291218626
gen=0_member=5,0.4073353,0.240255934,0.705151417,0.037231633,0.84839052,0.49473371,0.762421093,0.156511358,0.824213077,0.481083311,0.478103589,0.477048562,0.383507336,0.551173869,0.934479229,0.800705126,0.160849197,0.460926029,0.376498727,0.260458084,0.764924491,0.733927902,0.103786671,0.951926978,0.189518882,0.707801162,0.687484151,0.286064341,0.242350913,0.872017729
gen=0_member=6,0.677312989,0.948404253,0.784046639,0.276969694,0.312167846,0.628215693,0.157435316,0.169461129,0.515461032,0.006841686,0.39390932,0.427426576,0.899361339,0.285026922,0.68479976,0.971545709,0.321387639,0.286759137,0.334277683,0.346715083,0.633329729,0.563281976,0.753343165,0.632541689,0.265687637,0.69260318,0.964887071,0.123523918,0.90295136,0.461597036
gen=0_member=7,0.129544221,0.522332014,0.565548725,0.721552336,0.71430618,0.617503132,0.457767092,0.535821382,0.983055043,0.095812419,0.499324304,0.634644945,0.849216852,0.600884315,0.082724525,0.263166469,0.104061045,0.064041688,0.13332814,0.634766003,0.421637929,0.32262844,0.505547149,0.257700839,0.596570663,0.498815059,0.101129213,0.692284984,0.476646832,0.132722748
gen=0_member=8,0.226196067,0.577662223,0.308869064,0.457291459,0.560741906,0.685131621,0.807644627,0.006512288,0.478593233,0.380816144,0.05277872,0.063010634,0.934381821,0.833623404,0.612108366,0.409243284,0.214920141,0.563409554,0.92972679,0.371519197,0.996212196,0.768353612,0.702104178,0.572501079,0.932942546,0.211090574,0.643578735,0.606960101,0.697152655,0.619112435
gen=0_member=9,0.982332709,0.93643776,0.727248622,0.805828064,0.241150918,0.539435704,0.466724489,0.076031919,0.966096043,0.012157488,0.774405598,0.608080991,0.018914095,0.167939037,0.482876907,0.195690429,0.520662599,0.274628701,0.663512574,0.814425766,0.79039086,0.885093183,0.735079715,0.227184022,0.24075499,0.928939778,0.439784796,0.250421776,0.962402793,0.423928346
gen=0_member=10,0.740341847,0.764956091,0.431491182,0.378042118,0.696530932,0.141529452,0.481478694,0.862103305,0.529803201,0.310850463,0.581386764,0.330880398,0.264070776,0.6222665,0.903300878,0.969490892,0.658008527,0.321139874,0.805858911,0.435225105,0.476770376,0.314189267,0.047213446,0.192089456,0.23489023,0.976206403,0.004538098,0.57340393,0.878877619,0.072042812
gen=0_member=11,0.475108611,0.181890307,0.924839409,0.920213207,0.827940207,0.568470954,0.317688539,0.671786735,0.722450999,0.325932573,0.417168451,0.861813079,0.113051716,0.566984444,0.884668697,0.602267264,0.926126823,0.137882243,0.856575056,0.332231115,0.184781805,0.875138454,0.631831779,0.274309915,0.038354957,0.290273305,0.16024261,0.56318814,0.528359654,0.303483881
gen=0_member=12,0.555666089,0.720155921,0.107455206,0.98177026,0.126595839,0.786891212,0.948513459,0.698601148,0.900868348,0.81439575,0.705891985,0.592599586,0.872375613,0.060617355,0.298264305,0.538553607,0.274738858,0.186039297,0.91894606,0.643582271,0.066733877,0.610331581,0.353279759,0.29797199,0.55316762,0.760028158,0.359795809,0.848403326,0.205755103,0.853245523
gen=0_member=13,0.197595452,0.975014301,0.665917,0.216824199,0.424494215,0.459528035,0.655471684,0.970636695,0.926722481,0.540860468,0.291554576,0.157595034,0.659776081,0.407107216,0.127798942,0.412039222,0.038120635,0.361050791,0.474519293,0.401070261,0.602808099,0.673508655,0.789229498,0.035352667,0.893984239,0.15818689,0.320446896,0.595459903,0.329561996,0.251676763
gen=0_member=14,0.345734302,0.089248846,0.053135927,0.677720373,0.765429277,0.593712864,0.020942519,0.726106384,0.611631174,0.764520958,0.81743657,0.851624156,0.858898494,0.680183703,0.24071837,0.719618016,0.544426041,0.121507736,0.518546181,0.284985964,0.779617124,0.979983328,0.88981425,0.351632649,0.217461583,0.005602346,0.020534782,0.914628692,0.10799892,0.743653602
gen=0_member=15,0.212891893,0.892158283,0.94145128,0.39326498,0.629902698,0.659711719,0.346416607,0.118530816,0.999554333,0.912437592,0.892724677,0.842382199,0.828702343,0.468125067,0.829492455,0.88745424,0.99199994,0.384825535,0.099164034,0.253043254,0.163486975,0.290657356,0.275970069,0.282225652,0.40883051,0.033120924,0.387614567,0.337829065,0.659432614,0.912986053
gen=0_member=16,0.539898487,0.326696762,0.247771057,0.186822405,0.506829297,0.85947554,0.172568488,0.235912695,0.233145542,0.34027312,0.875996198,0.611489486,0.480319368,0.096215148,0.512418707,0.778597601,0.567765757,0.404948271,0.715448149,0.549382681,0.980188954,0.366868977,0.079195024,0.064469643,0.494931115,0.518755719,0.586855075,0.415989997,0.0110995,0.450712341
gen=0_member=17,0.633732695,0.359069657,0.02927457,0.057963642,0.018241673,0.803113638,0.63287618,0.842528001,0.068406357,0.984130014,0.733015189,0.127354361,0.908976636,0.007428209,0.104129857,0.947115946,0.767299009,0.816956708,0.464789996,0.239577259,0.74553465,0.812191729,0.317306222,0.084404314,0.675216162,0.430604599,0.546977504,0.324169187,0.600597773,0.539757525
gen=0_member=18,0.57041835,0.250927682,0.124973555,0.79310068,0.001981103,0.733319184,0.198934556,0.963220501,0.282528737,0.639533948,0.999969299,0.834647202,0.234918651,0.237811528,0.364589969,0.950304172,0.723770023,0.075889612,0.967061735,0.895189905,0.839633263,0.914766213,0.796405742,0.393147748,0.250316855,0.905019746,0.339881191,0.17669612,0.489811699,0.950363996
gen=0_member=19,0.527427027,0.958740571,0.130447971,0.764221826,0.251998136,0.903928393,0.970165436,0.278862915,0.403159243,0.564564327,0.174220285,0.649666155,0.573118079,0.14270284,0.815516715,0.847669463,0.49213383,0.474551878,0.723337128,0.924351434,0.503417702,0.669065574,0.698393372,0.975113264,0.427274226,0.149004226,0.626480769,0.482559339,0.750004797,0.651693416
gen=0_member=20,0.18997978,0.20964198,0.533405162,0.5508014,0.302081307,0.379682688,0.721636294,0.451466876,0.296914709,0.364436452,0.480292224,0.811174153,0.146654076,0.271082399,0.995264122,0.040167333,0.00614318,0.047210764,0.058869854,0.821468174,0.480537451,0.120346873,0.92762973,0.104374445,0.209336259,0.934501456,0.982042328,0.879601618,0.771017477,0.675904073
gen=0_member=21,0.815885171,0.034431969,0.21096914,0.147918245,0.347717811,0.993690068,0.956293826,0.440960809,0.664296862,0.223931602,0.205091348,0.256778783,0.271182802,0.245001723,0.188790986,0.767349838,0.903357194,0.519680168,0.002961529,0.504490255,0.56553806,0.648820879,0.775911332,0.139093598,0.746623208,0.616303236,0.946981241,0.799309463,0.498162425,0.698482705
gen=0_member=22,0.094598068,0.590000633,0.42185252,0.424450413,0.415302502,0.926470124,0.232195535,0.435641985,0.176931082,0.696597325,0.541851017,0.895779023,0.816905596,0.372315017,0.205902817,0.906292312,0.69106296,0.902669512,0.227371271,0.361883056,0.127096661,0.355309119,0.812738643,0.838272247,0.821761005,0.608409336,0.215298071,0.296360446,0.13509675,0.173446156
gen=0_member=23,0.140239489,0.51952781,0.090171116,0.136307301,0.784868189,0.154118058,0.580250399,0.934439068,0.692795239,0.508282939,0.822990692,0.46153669,0.535936339,0.757701046,0.622890202,0.124580893,0.785094045,0.309320671,0.10026385,0.744865671,0.238738732,0.60441226,0.837594313,0.436897859,0.527933547,0.330752926,0.26824231,0.992877803,0.039600368,0.546441527
gen=0_member=24,0.313847454,0.655237754,0.363905328,0.628400192,0.63057714,0.705335241,0.180292606,0.036602302,0.944011323,0.111761806,0.660555551,0.549849969,0.663509023,0.207653749,0.229061894,0.420274033,0.485765169,0.116106754,0.593835546,0.131309072,0.716327164,0.425307575,0.626556921,0.779685627,0.681636741,0.228162321,0.474678948,0.242447612,0.023478464,0.704345875
gen=0_member=25,0.230647224,0.009152318,0.627685587,0.892128707,0.376686993,0.102153518,0.663240644,0.488025895,0.416532919,0.597277053,0.361534216,0.292935957,0.082080279,0.504835029,0.942220173,0.753052798,0.387338976,0.084371388,0.28901734,0.515355072,0.965237772,0.46767745,0.893060009,0.89673925,0.840940001,0.818209453,0.068976473,0.925496427,0.25506569,0.04599508
gen=0_member=26,0.569854291,0.627522975,0.221048071,0.209060154,0.777164076,0.463653964,0.567547093,0.633315085,0.033349088,0.785167917,0.405780787,0.049113386,0.919376941,0.116905926,0.355943984,0.291241495,0.406844313,0.292860819,0.042010018,0.841841286,0.311620408,0.247048361,0.413126739,0.345366833,0.99475765,0.790411765,0.516328435,0.711493923,0.424206294,0.88553658
gen=0_member=27,0.790372113,0.695606682,0.817702477,0.045669672,0.723958173,0.843048295,0.816677411,0.380329811,0.450575499,0.408253828,0.270185624,0.877742974,0.005339156,0.821152297,0.645032793,0.434146601,0.815692941,0.917952393,0.23176962,0.918929808,0.51614157,0.784359704,0.461046843,0.79601305,0.320874635,0.354450169,0.60017666,0.768908884,0.666720663,0.565034955
gen=0_member=28,0.039135658,0.461718834,0.043023481,0.82457332,0.745383572,0.971731101,0.825032146,0.065533743,0.679090963,0.722126942,0.903627279,0.696888548,0.497383923,0.076540008,0.600557061,0.938922049,0.912138489,0.659542895,0.315077503,0.985606881,0.756071512,0.012515977,0.037886845,0.723823615,0.090617319,0.629572406,0.459175822,0.532898265,0.929222675,0.589453484
gen=0_member=29,0.056782452,0.981693429,0.488979052,0.08677007,0.929328105,0.120018041,0.210087793,0.053751359,0.918573962,0.216445841,0.342010628,0.480441937,0.358068551,0.793286445,0.912785701,0.685885929,0.013604889,0.671428997,0.674717788,0.77819114,0.732829913,0.02643216,0.864446303,0.400590226,0.804376347,0.479203033,0.278500706,0.812612648,0.282635766,0.529563348
gen=0_member=30,0.457295057,0.143495733,0.27985305,0.152771385,0.999347474,0.094436528,0.33838247,0.770855351,0.360463731,0.834051291,0.235133491,0.372265567,0.520464992,0.436213416,0.078317167,0.393030574,0.7946243,0.737922341,0.071574855,0.391004528,0.415729261,0.059111474,0.2605859,0.486431854,0.48700821,0.305136604,0.614012832,0.313363545,0.533157277,0.689626157
gen=0_member=31,0.003795214,0.176430439,0.892869463,0.742620071,0.329518143,0.448953109,0.207809455,0.827234772,0.42906457,0.717806275,0.525902874,0.708820079,0.80211649,0.989489905,0.171624096,0.088315281,0.641056358,0.558146944,0.974750593,0.931865979,0.266282058,0.119694432,0.975821518,0.64202332,0.727964336,0.869666541,0.872115955,0.309906415,0.003355622,0.502786125
gen=0_member=32,0.89042478,0.583098457,0.860654104,0.901610995,0.399123295,0.665445977,0.309558509,0.193143589,0.010223604,0.605311508,0.765734507,0.009195511,0.173924127,0.252940035,0.502759768,0.730846672,0.154774469,0.173497232,0.70421053,0.768669235,0.054988278,0.096351,0.053248844,0.996607391,0.570641449,0.347613572,0.654283612,0.6718123,0.649160201,0.282901163
gen=0_member=33,0.651585175,0.619161821,0.013256659,0.06940907,0.803630082,0.948286989,0.095702797,0.307080173,0.317638669,0.029612401,0.889074535,0.446594239,0.732238393,0.654032534,0.521191675,0.337015779,0.604977538,0.768133956,0.695302263,0.071710255,0.784724349,0.575496268,0.370265756,0.821562996,0.917751922,0.098280475,0.366403134,0.344756739,0.432508098,0.774101431
gen=0_member=34,0.782947254,0.840913888,0.938847293,0.293661899,0.455009786,0.234983426,0.74643919,0.998976255,0.654620821,0.07684857,0.320087375,0.534699254,0.055125123,0.596558878,0.041962247,0.157162338,0.841323903,0.79064193,0.361429075,0.090043508,0.38407586,0.189515852,0.158151664,0.154359467,0.946138869,0.750003983,0.142941696,0.89542558,0.988963114,0.311020548
gen=0_member=35,0.265908562,0.059433299,0.411315952,0.245030566,0.073355632,0.935945631,0.390425934,0.137317733,0.877162247,0.331603306,0.152287567,0.035118785,0.194605483,0.103162295,0.968011475,0.103225302,0.392888317,0.646096378,0.323607037,0.067829341,0.040208661,0.232103303,0.996818798,0.213918947,0.981133352,0.667648523,0.977971992,0.081526187,0.411600174,0.800162563
gen=0_member=36,0.779047099,0.706281645,0.857597345,0.34663408,0.51374954,0.894099993,0.77868935,0.91769691,0.078651691,0.627598621,0.454252158,0.187137642,0.102161779,0.699053994,0.536688612,0.171170347,0.686040519,0.887829668,0.945432761,0.797956073,0.722678004,0.33728381,0.382086141,0.053440615,0.548657815,0.162463285,0.898632618,0.614789657,0.82575085,0.123618112
gen=0_member=37,0.468235261,0.376613107,0.575060415,0.32074028,0.933041679,0.776785554,0.068209404,0.95545856,0.972406931,0.42526668,0.011736361,0.133043661,0.036289464,0.224270068,0.67646604,0.586808931,0.36003713,0.897528031,0.624632834,0.622145743,0.578279738,0.500303441,0.029895571,0.942019226,0.762792472,0.775219141,0.764893505,0.773761836,0.047459371,0.017129125
gen=0_member=38,0.439908894,0.115616888,0.649970952,0.362021586,0.162988229,0.587831715,0.592263486,0.122657413,0.46171964,0.455828041,0.715595272,0.265294165,0.762117354,0.038417865,0.266432626,0.446224532,0.748016634,0.334091807,0.760634067,0.886741021,0.308868701,0.142381355,0.323298857,0.856943297,0.228166724,0.896985784,0.759411602,0.966332596,0.952092501,0.228303199
gen=0_member=39,0.756647826,0.300495683,0.268035818,0.692627228,0.817731443,0.349239545,0.035255525,0.54389017,0.004470264,0.671143296,0.149350775,0.730011274,0.950101961,0.428131325,0.547246197,0.677023143,0.712773339,0.953209398,0.209768968,0.441269552,0.291002341,0.208348397,0.428900175,0.371870321,0.44634,0.285104912,0.936121695,0.402150432,0.262350355,0.788359726
gen=0_member=40,0.584065201,0.260938072,0.355916902,0.84169343,0.796086363,0.354461782,0.797857568,0.147659585,0.144935426,0.237131866,0.358568301,0.937334966,0.126622931,0.347264785,0.705838782,0.071356047,0.878419352,0.960692443,0.064918843,0.585952809,0.701396937,0.984872793,0.909860631,0.566748251,0.881659256,0.415906144,0.204078803,0.54717207,0.584026849,0.632345032
gen=0_member=41,0.381230159,0.772325014,0.280512136,0.235378662,0.850266545,0.965018358,0.73457057,0.796600897,0.111183427,0.461709007,0.681650596,0.958940944,0.180330659,0.972217047,0.477107756,0.599453901,0.865288705,0.373430927,0.142586194,0.026269887,0.019620379,0.064616592,0.132306844,0.962649713,0.317943919,0.506238989,0.525205893,0.3658254,0.816772201,0.348262192
gen=0_member=42,0.691521622,0.196051425,0.909494747,0.95768292,0.226610189,0.886831026,0.427328925,0.578397978,0.088785005,0.516857434,0.796377112,0.976162982,0.447679576,0.198969937,0.595475937,0.692457273,0.319102495,0.018000593,0.904419249,0.389795996,0.333336362,0.74701612,0.584945879,0.841654624,0.142914075,0.383997732,0.070162392,0.060638463,0.391643569,0.41956971
gen=0_member=43,0.865141492,0.541668117,0.25238086,0.666672784,0.950659425,0.318915592,0.122609118,0.805443679,0.814918859,0.614716415,0.951827257,0.828833749,0.334430068,0.93222667,0.159635001,0.316267139,0.370682802,0.025938757,0.150341629,0.567277463,0.320046314,0.277013734,0.112924009,0.598990191,0.870161452,0.567806802,0.506059144,0.653193963,0.292426512,0.840974761
gen=0_member=44,0.713988702,0.15245832,0.778611615,0.332847326,0.988788641,0.205040208,0.690121957,0.948910401,0.868102596,0.824491732,0.74529767,0.146553362,0.434347271,0.139567525,0.731207349,0.579320209,0.82108906,0.822250761,0.526725117,0.690763468,0.811532627,0.137488593,0.093303001,0.334957041,0.511013297,0.123627068,0.093289795,0.866842317,0.57123388,0.669978018
gen=0_member=45,0.734018886,0.458621607,0.153736087,0.502877819,0.207213276,0.327996138,0.905159931,0.906538399,0.779769826,0.556690518,0.917186516,0.39227842,0.691300245,0.456292622,0.023708294,0.02677997,0.835992304,0.106710909,0.887241516,0.946458148,0.462011466,0.922672636,0.498409383,0.493988574,0.651904966,0.53464405,0.904450001,0.447862084,0.402954389,0.553613314
gen=0_member=46,0.853710771,0.368697772,0.547456388,0.970556283,0.732880585,0.299040381,0.642244932,0.289562528,0.881574909,0.067081899,0.805614477,0.100509221,0.755829226,0.476020159,0.400397756,0.271543676,0.538362728,0.870634683,0.428622484,0.877322175,0.442946085,0.959496523,0.601133811,0.503955321,0.286649429,0.742896492,0.557657941,0.047044396,0.683964776,0.36553858
gen=0_member=47,0.415602708,0.636692915,0.44880887,0.968063544,0.55994746,0.548567919,0.402927659,0.256386659,0.251052795,0.447060775,0.11890691,0.803855399,0.167225855,0.155460494,0.255696686,0.647854679,0.254459025,0.706099926,0.293924292,0.619383995,0.932651234,0.804809897,0.169155168,0.915393399,0.567565395,0.7803709,0.157624556,0.232401228,0.316128069,0.432493237
gen=0_member=48,0.35028338,0.792061871,0.588862469,0.099809503,0.287399503,0.110603971,0.44222235,0.325761099,0.434831428,0.053194639,0.036793815,0.969600161,0.048767585,0.358745584,0.438334289,0.499971329,0.064039279,0.773010844,0.447523794,0.464616543,0.649140473,0.63500963,0.59200661,0.675707428,0.357494338,0.184435348,0.635150137,0.105029588,0.708608361,0.445139999
gen=0_member=49,0.969054992,0.434175247,0.164730846,0.259854193,0.357977624,0.188968466,0.75205242,0.511934881,0.534043866,0.161887192,0.603966083,0.888895929,0.455055908,0.176430308,0.897183626,0.099733675,0.073468671,0.190379507,0.493272485,0.451731627,0.870462656,0.594832092,0.871230528,0.421019149,0.174396627,0.021512615,0.117314421,0.974324594,0.722953207,0.032368709
gen=0_member=50,0.132505138,0.718549797,0.887569135,0.533305543,0.08089649,0.792986361,0.856789367,0.599696138,0.549760959,0.796442508,0.461584124,0.792995809,0.469446159,0.637405771,0.862249021,0.002700018,0.463009698,0.432391283,0.277426933,0.536852688,0.003127275,0.931561735,0.225839633,0.167000538,0.380066107,0.732890232,0.127677057,0.586996636,0.973350029,0.276441812
gen=0_member=51,0.998151579,0.789117547,0.176529444,0.383792419,0.942188054,0.39278212,0.570004501,0.608670576,0.205515985,0.945815023,0.692250155,0.55708742,0.981560887,0.895626387,0.325749651,0.700694271,0.957533624,0.391574155,0.611541883,0.996829404,0.099154913,0.211444889,0.688206948,0.041648074,0.006813503,0.013559023,0.180607519,0.551496173,0.629130382,0.81171297
gen=0_member=52,0.727072042,0.563319833,0.346212916,0.485191087,0.36656356,0.059772864,0.626042287,0.748738132,0.554063567,0.687684306,0.86881689,0.502124953,0.471030758,0.306327138,0.44237926,0.470284744,0.66171706,0.861589325,0.550327315,0.671953075,0.62219406,0.725193848,0.347204193,0.883153057,0.158315844,0.175579631,0.955721556,0.039658258,0.148566881,0.025635484
gen=0_member=53,0.94211485,0.410795316,0.319316336,0.173370182,0.025447386,0.332042519,0.277494984,0.100904234,0.585537448,0.278415551,0.833399845,0.654494264,0.216022916,0.990197851,0.551806396,0.86283018,0.802251629,0.698260065,0.563032679,0.597223424,0.84173056,0.546548797,0.33601153,0.784284757,0.817971427,0.632513741,0.405338196,0.850528848,0.763897002,0.238129447
gen=0_member=54,0.326290773,0.070805132,0.468770241,0.354807913,0.831698784,0.574679016,0.132939974,0.814198573,0.898070032,0.157596908,0.333485488,0.576178298,0.347479179,0.390722497,0.839825524,0.013099686,0.3587273,0.941984056,0.533220968,0.112020598,0.869897222,0.494584803,0.800777486,0.324429096,0.1070662,0.134530864,0.820822526,0.353354454,0.383249902,0.71298565
gen=0_member=55,0.109591925,0.915658831,0.750047001,0.609557687,0.05060082,0.743507902,0.43627347,0.206028891,0.138505453,0.998768443,0.537081688,0.524564829,0.644798645,0.847365065,0.034069714,0.796450276,0.459155781,0.235150368,0.898798784,0.00138575,0.4343693,0.251657222,0.286971961,0.802606517,0.95170127,0.520009685,0.227505476,0.884236257,0.356297103,0.204209677
gen=0_member=56,0.516149375,0.382949176,0.915375869,0.833543163,0.034999119,0.767042738,0.494879338,0.042758274,0.489483655,0.758611814,0.857944874,0.749038102,0.724888009,0.265245038,0.852951121,0.374138853,0.192937564,0.856234967,0.836073529,0.85575204,0.102748895,0.991225108,0.241274573,0.619133987,0.648851825,0.945281486,0.345705954,0.052574427,0.673957264,0.905304465
gen=0_member=57,0.304064222,0.343393019,0.473274004,0.075892016,0.193844659,0.830942946,0.005484739,0.214715033,0.639144784,0.288167854,0.620194936,0.35229021,0.637559167,0.773343607,0.843840641,0.207137711,0.43897032,0.987509015,0.640131368,0.964691993,0.893414064,0.850892473,0.828017345,0.47430327,0.924025467,0.19307858,0.196519861,0.93786168,0.119979224,0.194322319
gen=0_member=58,0.87543651,0.869046031,0.745723725,0.261858598,0.91636524,0.210004612,0.676189162,0.736005961,0.26082874,0.844586302,0.511836339,0.913299271,0.024359546,0.020895708,0.013067494,0.857957043,0.301328516,0.097909886,0.165634467,0.571862423,0.075121469,0.828746113,0.919684231,0.236967186,0.961570577,0.888181417,0.137790104,0.469258907,0.935829157,0.945011264
gen=0_member=59,0.499450818,0.908387999,0.653924464,0.015271341,0.159945843,0.644328685,0.8695227,0.366044494,0.62645167,0.747118431,0.001405665,0.329520025,0.839349181,0.666844121,0.987827702,0.161667269,0.478013623,0.990979233,0.259974471,0.312240851,0.492493221,0.045531471,0.397593396,0.980098954,0.580324383,0.269947184,0.734830121,0.909808715,0.5539436,0.001605023
gen=0_member=60,0.043534585,0.215551914,0.075917955,0.492775918,0.884371195,0.191411635,0.536605492,0.296940852,0.157821291,0.410275167,0.18877281,0.949867,0.094786064,0.363490941,0.395763317,0.212347461,0.755494087,0.349451536,0.874045499,0.739966389,0.581625082,0.385466654,0.745939532,0.096456789,0.168779067,0.480376746,0.316236974,0.205996082,0.17121472,0.516853989
gen=0_member=61,0.618616281,0.109501087,0.234930825,0.194076182,0.49179595,0.241261097,0.603860833,0.492177564,0.381433084,0.107140965,0.084121844,0.236808804,0.554067577,0.904463948,0.929246573,0.726115985,0.41893744,0.157955676,0.774737274,0.526422055,0.65983657,0.434488054,0.256216694,0.185100953,0.50509813,0.312066524,0.4489291,0.749291283,0.077975639,0.798835715
gen=0_member=62,0.83012369,0.097094702,0.395681696,0.580641414,0.400463494,0.812161364,0.364958634,0.658299128,0.091031381,0.737010841,0.723861041,0.385187741,0.582001714,0.589593532,0.797459038,0.506198304,0.447744846,0.508296375,0.793826783,0.041752298,0.135020603,0.409273675,0.985482185,0.127737443,0.360303434,0.046736157,0.667046263,0.148338652,0.16455129,0.727214364
gen=0_member=63,0.29438066,0.645754536,0.954829236,0.65820292,0.434044857,0.178318836,0.082769043,0.474036571,0.324003563,0.04630619,0.671451536,0.588199774,0.287003519,0.4418846,0.34403158,0.340626553,0.059774364,0.626438726,0.864640542,0.108533608,0.677909071,0.269863909,0.064395548,0.736848763,0.479206374,0.965946471,0.857759568,0.688235306,0.225248796,0.106042128
gen=0_member=64,0.667113692,0.551764425,0.964301064,0.992408054,0.380296544,0.714184358,0.115238228,0.618662494,0.190517421,0.867247048,0.219185318,0.982997421,0.779960259,0.642925839,0.801677339,0.547792167,0.625369418,0.939998686,0.390569983,0.154808702,0.391630257,0.164181516,0.653946655,0.606531367,0.059454205,0.421220214,0.291050735,0.194481539,0.193210025,0.970908197
gen=0_member=65,0.066314175,0.821142604,0.062657882,0.870235667,0.278213436,0.080377228,0.847458703,0.220933216,0.64669603,0.772261293,0.229676828,0.284178344,0.398186531,0.296835516,0.307479124,0.989757065,0.704493382,0.579368703,0.353565381,0.217610651,0.884558534,0.511044669,0.234728072,0.411706743,0.778338584,0.652397458,0.999638007,0.393161048,0.504991076,0.249674171
gen=0_member=66,0.845622407,0.689337589,0.594804291,0.640070668,0.062556984,0.309174007,0.939322074,0.520983663,0.359370082,0.537869567,0.126930069,0.071300644,0.996602859,0.525603506,0.789373765,0.461122281,0.978203031,0.453486641,0.586454806,0.32410734,0.176092526,0.106121562,0.293769316,0.935289241,0.374588666,0.467072484,0.715951368,0.646261279,0.787195304,0.60881133
gen=0_member=67,0.158005563,0.666648153,0.142261086,0.636647015,0.599336557,0.863483092,0.257683978,0.092288264,0.227359951,0.961309716,0.280411457,0.723583227,0.921294277,0.080145595,0.146032547,0.322583517,0.515607958,0.745105006,0.21859046,0.424427179,0.669587951,0.082492168,0.933901321,0.920032558,0.012866377,0.842290237,0.785920427,0.165810559,0.853091531,0.359913078
gen=0_member=68,0.115024162,0.608122871,0.609330343,0.733942132,0.442878157,0.474395543,0.375333121,0.669743024,0.243499847,0.13371961,0.2612823,0.340467351,0.203563543,0.311818874,0.42145293,0.666102528,0.187246765,0.971562625,0.937106422,0.973390764,0.914792764,0.154486466,0.769335751,0.118289291,0.867214301,0.326623708,0.031715341,0.824380687,0.947012894,0.183437689
gen=0_member=69,0.548767564,0.043252312,0.516785592,0.541046736,0.905145095,0.72066156,0.475569875,0.683968255,0.566185298,0.958408219,0.429056741,0.212929951,0.293951577,0.051340165,0.33212827,0.256622696,0.933435119,0.842880747,0.127296023,0.652885886,0.362621673,0.194394276,0.007045244,0.712116896,0.535766462,0.729169199,0.81966543,0.512577398,0.183024047,0.113017094
gen=0_member=70,0.500781464,0.317844384,0.324818837,0.524419873,0.572134435,0.389854681,0.921361244,0.42198869,0.349416806,0.880185993,0.929322574,0.400510136,0.940553339,0.042394401,0.579336084,0.554749423,0.228339821,0.756998861,0.747259783,0.208522618,0.203198854,0.654318395,0.011893439,0.703238163,0.119227764,0.851314434,0.176692555,0.383934826,0.898501945,0.099346929
gen=0_member=71,0.167799707,0.888789373,0.529185889,0.162549723,0.099822933,0.280245954,0.358049592,0.852513624,0.189548577,0.183210241,0.567480158,0.458847851,0.741566456,0.189053181,0.198077963,0.18968973,0.570331487,0.521760933,0.189424628,0.181703271,0.378437366,0.372121673,0.940491603,0.553660908,0.78471854,0.117806984,0.257289318,0.837616467,0.80882143,0.968997913
gen=0_member=72,0.396118629,0.832996758,0.11193664,0.284999166,0.704228281,0.606070079,0.529506212,0.314645532,0.02101821,0.204833849,0.434416336,0.418135157,0.400318966,0.851852639,0.698920762,0.229206711,0.114962304,0.538064764,0.819932199,0.29042514,0.972582672,0.620134151,0.527152071,0.463806198,0.757495679,0.910160479,0.771406252,0.439739741,0.058595965,0.329736236
gen=0_member=73,0.80512111,0.136627205,0.49673683,0.856622195,0.469039262,0.520339595,0.547620514,0.186827656,0.300785508,0.291004028,0.754116018,0.118730166,0.301170639,0.532034743,0.63083361,0.830469329,0.732099694,0.427155063,0.081807253,0.354531102,0.228576196,0.226271682,0.21838942,0.536395467,0.412412792,0.457684721,0.48924738,0.520913603,0.455444838,0.982339387
gen=0_member=74,0.594630671,0.757156869,0.71804506,0.941329481,0.682534264,0.258881143,0.683198513,0.555246567,0.126614019,0.245981636,0.241825286,0.684373143,0.320686614,0.953796107,0.219503912,0.631856625,0.237733179,0.680987622,0.385311013,0.145915028,0.921139057,0.281023498,0.535930114,0.30301354,0.048675664,0.689399055,0.911952522,0.090783708,0.097131304,0.211800212
gen=0_member=75,0.608928524,0.472758241,0.185694353,0.307666736,0.584567091,0.911940445,0.10508018,0.627626403,0.448693022,0.659687955,0.377942377,0.056514263,0.603559799,0.125922591,0.415031763,0.622011025,0.881444919,0.005946405,0.754185444,0.780613013,0.35534345,0.303228977,0.516855089,0.014153426,0.137074752,0.235475263,0.576768258,0.134377949,0.443753243,0.260138743
gen=0_member=76,0.704075688,0.533241471,0.982292374,0.571732119,0.673659589,0.482031097,0.019093429,0.264254563,0.783079698,0.586430593,0.063406792,0.172261834,0.158351594,0.722092238,0.451900571,0.811159488,0.586497153,0.483148798,0.195252266,0.835604085,0.458805947,0.474624021,0.30383132,0.764131498,0.900081489,0.672653954,0.041732963,0.377078332,0.914995788,0.761997213
gen=0_member=77,0.640707779,0.121585421,0.083372915,0.407065084,0.65182508,0.690174059,0.519708,0.461241305,0.857098236,0.179348314,0.303122805,0.225700933,0.366651486,0.815870419,0.971305255,0.147889618,0.146732217,0.497589299,0.951624033,0.861544005,0.947400774,0.719465913,0.679593311,0.683893941,0.066189532,0.836182732,0.791507922,0.424861705,0.745682593,0.594884091
gen=0_member=78,0.822522017,0.281645607,0.737348625,0.112598964,0.871776593,0.220415107,0.281908497,0.927031738,0.595567556,0.301670669,0.449261648,0.023902326,0.317453409,0.547424955,0.06510441,0.747971302,0.552031333,0.312914632,0.730381756,0.249502688,0.146159849,0.948056394,0.618528203,0.873263358,0.857863116,0.272161338,0.720746689,0.454301119,0.215960625,0.936913572
gen=0_member=79,0.932828489,0.677150403,0.295858122,0.419278693,0.181304873,0.87884464,0.045694619,0.640037734,0.379945066,0.707246304,0.557202172,0.364316551,0.624642021,0.768844511,0.658490411,0.287949578,0.961966646,0.03978067,0.484089194,0.70957078,0.276668772,0.484066185,0.084137536,0.24230377,0.432045508,0.99220426,0.497751376,0.277528209,0.368711511,0.379745279
gen=0_member=80,0.089081244,0.747881394,0.837200578,0.465239277,0.145940905,0.413218056,0.614274225,0.710882183,0.738586465,0.522804464,0.164848081,0.491833229,0.782898676,0.924577449,0.382638272,0.366333715,0.949754105,0.217289659,0.409385548,0.487340667,0.951963497,0.846240915,0.57015997,0.203962247,0.074958501,0.371120854,0.468200241,0.78710973,0.868240158,0.894973979
gen=0_member=81,0.420451954,0.961263546,0.506281849,0.751800816,0.66866607,0.420148069,0.269084991,0.014029726,0.707725426,0.66613431,0.105782095,0.622562364,0.965850537,0.614303897,0.956311287,0.659994202,0.170879624,0.241295914,0.602923968,0.052495306,0.824127154,0.073966102,0.401758477,0.865251964,0.450815159,0.067649361,0.56587677,0.024012217,0.712115039,0.732547085
gen=0_member=82,0.971756107,0.010317679,0.843923035,0.564112472,0.644505116,0.13581078,0.222036193,0.341069188,0.047637929,0.197376499,0.253194329,0.193729346,0.515138332,0.480317754,0.375825677,0.56362374,0.086357977,0.4463004,0.630707366,0.807021678,0.156338524,0.758924967,0.853583398,0.625224868,0.605160621,0.988882081,0.053276748,0.219868109,0.159820361,0.485084778
gen=0_member=83,0.442526038,0.923698307,0.55396926,0.711221712,0.753997744,0.828027535,0.419037059,0.788585444,0.606608918,0.802284034,0.659413323,0.999063394,0.700216571,0.388394728,0.758486258,0.897903321,0.342714625,0.262564143,0.822740064,0.160025409,0.611208902,0.89403533,0.649707608,0.901243301,0.830056996,0.714401236,0.883044425,0.756016139,0.516966138,0.832275624
gen=0_member=84,0.376748623,0.818668268,0.996002875,0.938171563,0.965128052,0.061017194,0.055335322,0.704468353,0.957604466,0.392970486,0.131683334,0.085797628,0.593471121,0.676300822,0.469236277,0.037666329,0.614363832,0.926124432,0.010928891,0.224276893,0.345126486,0.527442665,0.719785411,0.661286819,0.304930186,0.081721953,0.743552672,0.494848017,0.597952674,0.406980624
gen=0_member=85,0.953422817,0.994038302,0.797731991,0.914460415,0.139571303,0.010004066,0.297469779,0.39092255,0.104474223,0.642381378,0.986651025,0.661519986,0.978938098,0.213291168,0.273805556,0.133741678,0.59667865,0.228267554,0.655917225,0.90963072,0.256451808,0.445565572,0.434049039,0.74613565,0.080918167,0.051397755,0.598003323,0.954259348,0.272727758,0.065236932
gen=0_member=86,0.620476491,0.295870249,0.201408711,0.436034646,0.610372642,0.957944267,0.985787077,0.334431962,0.058981346,0.478343093,0.313705066,0.312695213,0.371307573,0.967807075,0.052478983,0.875224559,0.131472761,0.258500956,0.847876256,0.666938263,0.02525183,0.86501065,0.181298914,0.75595764,0.122875405,0.362957064,0.010067555,0.627786866,0.995490876,0.627860532
gen=0_member=87,0.078379058,0.428428476,0.331123722,0.516121762,0.602331988,0.633323904,0.320224835,0.02452741,0.930045408,0.977304252,0.502397011,0.775185485,0.256227677,0.806876796,0.13176262,0.051205435,0.260102317,0.717527002,0.244010906,0.719216454,0.523008727,0.418435812,0.19173196,0.526849129,0.627500066,0.440883537,0.239462789,0.666501719,0.543948295,0.49193764
gen=0_member=88,0.281809382,0.736183965,0.67960826,0.88555088,0.970649111,0.00049802,0.915019643,0.170599116,0.760129032,0.890736448,0.643873574,0.675495172,0.565964141,0.747276963,0.719681433,0.30987296,0.337115783,0.809822616,0.502328915,0.723702584,0.242851826,0.70276923,0.729082693,0.589320948,0.61832445,0.644680856,0.670629517,0.731086787,0.849443712,0.339249187
gen=0_member=89,0.338131829,0.504414616,0.459690431,0.005935495,0.172640434,0.403567866,0.873853187,0.897256742,0.275828131,0.870615853,0.636732379,0.769532333,0.711982437,0.784999165,0.09788387,0.115376022,0.6778239,0.205073238,0.347752201,0.270928908,0.289914571,0.03924924,0.3662283,0.817549339,0.278179376,0.249711409,0.086269437,0.220772115,0.61050375,0.383323792
gen=0_member=90,0.92690305,0.020979045,0.694317046,0.020965228,0.26692189,0.024673212,0.161366987,0.414428757,0.710422215,0.571963077,0.044283173,0.278759901,0.500160262,0.733891369,0.110438027,0.918974684,0.852096696,0.160119555,0.432365726,0.196388867,0.538279856,0.967198485,0.563171285,0.178619849,0.697707234,0.828725734,0.833812637,0.116187717,0.330498847,0.927917918
gen=0_member=91,0.029184398,0.395797209,0.972227106,0.474804083,0.116811404,0.751712499,0.248246298,0.24453444,0.803742099,0.854849547,0.610875617,0.43281585,0.228526398,0.49270151,0.234849538,0.998195026,0.129075491,0.72380494,0.788676139,0.492133108,0.559356493,0.697678351,0.967270032,0.512538983,0.736105787,0.953161173,0.379871773,0.944928499,0.347623927,0.759261642
gen=0_member=92,0.200111723,0.163362903,0.006317179,0.440649081,0.213295946,0.043363157,0.837580642,0.584081673,0.745186282,0.907594983,0.592689164,0.306626851,0.427088853,0.91851755,0.872240102,0.233398869,0.987014913,0.587570888,0.031927928,0.752067898,0.549593225,0.589212189,0.666970044,0.312859738,0.331230427,0.874225187,0.700453329,0.266981425,0.239118225,0.646316559
gen=0_member=93,0.88532304,0.851830261,0.38770343,0.704974172,0.527860584,0.50534105,0.503024628,0.982572177,0.845830379,0.436533498,0.967583974,0.094360212,0.790402396,0.713892118,0.498195999,0.240387471,0.421343123,0.832293345,0.450792394,0.95271093,0.692094294,0.772418037,0.952491538,0.265670207,0.716809048,0.595383574,0.309535697,0.185480744,0.309869217,0.088050849
gen=0_member=94,0.241538436,0.447875508,0.19745196,0.615181523,0.33330347,0.07386573,0.14170736,0.377827889,0.330602664,0.032924294,0.937165184,0.923997764,0.885059755,0.88250513,0.288354189,0.456532731,0.248375699,0.149464055,0.267528602,0.089884597,0.088546,0.831599931,0.554479672,0.449309484,0.295384999,0.39228442,0.244564104,0.804733597,0.881586916,0.828206714
gen=0_member=95,0.912358795,0.400071582,0.034945787,0.789174562,0.892868773,0.278892076,0.895616285,0.765004778,0.505304732,0.142316052,0.19924398,0.240033719,0.682179092,0.330932689,0.316389673,0.384403375,0.282181473,0.612525352,0.990032361,0.302138073,0.80305667,0.396695939,0.44647648,0.145481358,0.972869729,0.803168764,0.280818238,0.701398771,0.633933524,0.474749953
gen=0_member=96,0.686630883,0.87741692,0.639840845,0.86232102,0.044025424,0.550040598,0.882174852,0.35236083,0.682769137,0.495056792,0.579083322,0.517877888,0.241218506,0.571937347,0.745846668,0.785779032,0.025022921,0.63408907,0.111710322,0.128702139,0.906796261,0.909150283,0.122911521,0.022223186,0.347848628,0.103245098,0.926605611,0.500822446,0.462864563,0.575162268
gen=0_member=97,0.014653568,0.4803159,0.379800487,0.313472909,0.538559846,0.033786362,0.703249659,0.874174705,0.399375319,0.127632985,0.098412057,0.561081594,0.610613658,0.866818368,0.001071729,0.510229388,0.632263611,0.601846124,0.987642886,0.419731785,0.199904208,0.555783821,0.147143668,0.000389105,0.467580976,0.254215132,0.802347232,0.635912429,0.125294414,0.99028985
gen=0_member=98,0.483912264,0.226253421,0.618876431,0.81345187,0.470733406,0.983121387,0.070426558,0.505917555,0.496821016,0.352206606,0.079488004,0.71103234,0.411610553,0.414483034,0.586300159,0.524084243,0.775508525,0.783705181,0.549251621,0.551930881,0.117385277,0.680235212,0.179788177,0.380248653,0.701951935,0.574009874,0.425461301,0.722728164,0.834607262,0.162628757
gen=0_member=99,0.761201039,0.801747451,0.406649235,0.597436749,0.100498429,0.510114235,0.787766408,0.080425555,0.218932297,0.372836057,0.389688455,0.2019989,0.135667119,0.011794077,0.166822088,0.488874775,0.04905466,0.596798439,0.17256491,0.031561639,0.210338102,0.53503686,0.48832561,0.696219228,0.667546718,0.207111785,0.862671349,0.077717511,0.736569441,0.395960816
