real_name,pname:wel_inst:0_ptype:gr_usecol:3_pstyle:d_idx0:84_idx1:0_idx2:1799,pname:wel_inst:0_ptype:gr_usecol:3_pstyle:d_idx0:69_idx1:0_idx2:1799,pname:wel_inst:0_ptype:gr_usecol:3_pstyle:d_idx0:54_idx1:0_idx2:1799,pname:wel_inst:0_ptype:gr_usecol:3_pstyle:d_idx0:39_idx1:0_idx2:1799,pname:wel_inst:0_ptype:gr_usecol:3_pstyle:d_idx0:84_idx1:0_idx2:1249,pname:wel_inst:0_ptype:gr_usecol:3_pstyle:d_idx0:69_idx1:0_idx2:1249,pname:wel_inst:0_ptype:gr_usecol:3_pstyle:d_idx0:54_idx1:0_idx2:1249,pname:wel_inst:0_ptype:gr_usecol:3_pstyle:d_idx0:39_idx1:0_idx2:1249,ar_rate_1,ar_rate_2,real_name,mean_conc,salinity,total_pump_rate,ar_rate_total,wetland_dd,ar_rate_t,pf_salinity,pf_wetland_dd,mean_conc_sd,salinity_sd,ar_rate_total_sd,wetland_dd_sd
gen=0_member=0,-4.25899,-4.73624,-0.176859,-2.86654,-0.420106,-2.19041,-0.136633,-4.3995,1.93012,0.119277,gen=0_member=0,2.71e-14,2.71e-14,19.1853,2.04939,4.25605,2.04939,1,1,0,0,0,0
gen=0_member=1,-1.46069,-4.09849,-2.07205,-3.8637,-2.88985,-2.74888,-2.63148,-1.11013,3.92599,3.5999,gen=0_member=1,6.75e-06,6.75e-06,20.8753,7.52589,3.31655,7.52589,1,1,0,0,0,0
gen=0_member=2,-2.43879,-3.71517,-3.58223,-1.43142,-2.80479,-4.72662,-2.20381,-3.63582,5.61004,1.84968,gen=0_member=2,4.28e-05,4.28e-05,24.5387,7.45972,4.32595,7.45972,1,1,0,0,0,0
gen=0_member=3,-1.65519,-3.20633,-3.08058,-1.06689,-3.17393,-1.47894,-1.56355,-0.187626,2.87372,1.75417,gen=0_member=3,9.42e-05,9.42e-05,15.413,4.62788,2.63285,4.62788,1,1,0,0,0,0
gen=0_member=4,-0.390659,-0.933235,-1.27766,-2.95021,-4.64221,-1.12327,-2.99021,-3.4067,2.68754,4.01235,gen=0_member=4,7.13e-05,7.13e-05,17.7142,6.69989,2.73285,6.69989,1,1,0,0,0,0
gen=0_member=5,-2.96814,-3.98127,-2.46671,-0.0821334,-0.46548,-3.51655,-2.33871,-0.565376,1.30563,6.45149,gen=0_member=5,4.57e-05,4.57e-05,16.3844,7.75711,2.09595,7.75711,1,1,0,0,0,0
gen=0_member=6,-0.240713,-0.81707,-1.74709,-4.25676,-3.51287,-0.240961,-4.49117,-4.60364,0.949188,5.19001,gen=0_member=6,0.000101878,0.000101878,19.9103,6.1392,3.47085,6.1392,1,1,0,0,0,0
gen=0_member=7,-2.83215,-4.55892,-4.25351,-2.77036,-3.99664,-2.02244,-0.774368,-1.56726,3.04715,0.789306,gen=0_member=7,0.000119772,0.000119772,22.7756,3.83645,4.77465,3.83645,1,1,0,0,0,0
gen=0_member=8,-4.73289,-2.48702,-3.77138,-3.06509,-0.614758,-1.62159,-1.81608,-3.98782,5.40034,2.51821,gen=0_member=8,6.32e-05,6.32e-05,22.0966,7.91855,3.55185,7.91855,1,1,0,0,0,0
gen=0_member=10,-0.211934,-4.234,-1.50154,-3.70615,-1.66342,-1.76848,-1.62994,-1.73892,1.75355,3.12032,gen=0_member=10,0.000134607,0.000134607,16.4544,4.87387,2.86585,4.87387,1,1,0,0,0,0
gen=0_member=12,-4.39941,-2.85059,-0.707846,-1.99914,-0.0944528,-2.97413,-0.293784,-2.6449,1.66586,2.38934,gen=0_member=12,3.66e-06,3.66e-06,15.9642,4.0552,2.94205,4.0552,1,1,0,0,0,0
gen=0_member=13,-3.7605,-2.29895,-0.409119,-1.11242,-0.549219,-3.99785,-3.18627,-3.20828,2.54137,5.62,gen=0_member=13,0.0,0.0,18.5226,8.16138,2.58225,8.16138,1,1,0,0,0,0
gen=0_member=14,-3.55752,-2.46558,-3.63739,-0.775526,-2.13226,-4.658,-2.76141,-2.07862,3.43294,5.84605,gen=0_member=14,0.000174365,0.000174365,22.0663,9.279,3.18735,9.279,1,1,0,0,0,0
gen=0_member=16,-2.12265,-2.40196,-1.815,-3.27274,-0.981726,-1.88678,-3.08857,-2.41741,1.20125,5.76825,gen=0_member=16,3.02e-05,3.02e-05,17.9868,6.9695,2.73795,6.9695,1,1,0,0,0,0
gen=0_member=17,-3.2849,-0.978874,-3.22656,-4.4696,-1.63508,-4.10098,-2.05646,-2.25341,2.01606,4.64759,gen=0_member=17,3.55e-05,3.55e-05,22.0059,6.66365,3.83485,6.66365,1,1,0,0,0,0
gen=0_member=18,-3.25264,-3.13259,-3.711,-3.405,-3.19503,-3.06351,-4.19911,-3.47911,3.66756,2.88895,gen=0_member=18,0.00959486,0.00959486,27.438,6.55651,5.30454,6.55651,1,1,0,0,0,0
gen=0_member=19,-4.52008,-3.86868,-4.35009,-3.67165,-3.38199,-3.01177,-4.40219,-1.00468,4.4859,6.59513,gen=0_member=19,7.17e-84,7.17e-84,28.2111,11.081,4.34195,11.081,1,1,0,0,0,0
gen=0_member=20,-3.13957,-3.53976,-2.34573,-2.48946,-3.51722,-0.986876,-3.5132,-2.60243,0.154596,5.26655,gen=0_member=20,7.53e-05,7.53e-05,22.1342,5.42115,4.16265,5.42115,1,1,0,0,0,0
gen=0_member=21,-3.56736,-2.55969,-4.53864,-0.454831,-4.29003,-3.36338,-1.87224,-3.89968,3.25487,3.87013,gen=0_member=21,3.62e-05,3.62e-05,24.5458,7.12501,4.41435,7.12501,1,1,0,0,0,0
gen=0_member=22,-1.99637,-4.34246,-3.4216,-1.73754,-3.01293,-1.25047,-0.0756681,-3.67814,5.51789,6.73341,gen=0_member=22,0.0,0.0,19.5152,12.2513,9.449999999999999e+60,12.2513,1,1,0,0,0,0
gen=0_member=23,-2.56693,-4.17157,-2.20741,-3.42094,-3.09066,-2.88855,-4.36897,-0.843274,5.2234,4.83446,gen=0_member=23,3.44e-05,3.44e-05,23.5583,10.0579,3.39425,10.0579,1,1,0,0,0,0
gen=0_member=24,-3.0545,-1.77004,-1.2134,-0.488834,-3.29219,-3.92101,-1.78477,-2.09313,3.57447,3.38458,gen=0_member=24,4.11e-07,4.11e-07,17.6179,6.95905,2.64755,6.95905,1,1,0,0,0,0
gen=0_member=25,-0.53353,-3.504,-4.67215,-0.363576,-0.878496,-2.7954,-4.2864,-1.69191,2.65612,1.39031,gen=0_member=25,9e-05,9e-05,18.7255,4.04643,3.67725,4.04643,1,1,0,0,0,0
gen=0_member=27,-2.87513,-0.504652,-4.11196,-3.50738,-0.804599,-2.59982,-2.27008,-2.79827,3.29935,0.475657,gen=0_member=27,9.83e-05,9.83e-05,19.4719,3.77501,3.91375,3.77501,1,1,0,0,0,0
gen=0_member=28,-1.99039,-0.0543033,-0.249687,-0.408919,-0.814505,-0.160091,-2.66681,-3.0298,2.22679,0.981857,gen=0_member=28,0.0,0.0,9.3745,3.20865,1.48615,3.20865,1,1,0,0,0,0
gen=0_member=32,-0.475806,-4.18022,-2.29634,-0.832285,-2.46998,-3.71106,-2.82098,-2.28009,0.104592,3.78663,gen=0_member=32,6.59e-06,6.59e-06,19.0668,3.89122,3.80125,3.89122,1,1,0,0,0,0
gen=0_member=33,-3.95995,-1.54873,-1.61312,-3.76283,-0.198888,-1.95589,-2.58389,-3.15732,3.13658,0.84655,gen=0_member=33,5.07e-24,5.07e-24,18.7806,3.98313,3.70345,3.98313,1,1,0,0,0,0
gen=0_member=35,-2.51777,-1.00584,-1.88086,-4.34405,-0.306756,-2.64756,-3.44823,-3.45165,2.97892,3.20795,gen=0_member=35,0.000141934,0.000141934,19.6027,6.18687,3.33505,6.18687,1,1,0,0,0,0
gen=0_member=36,-3.71858,-3.07372,-4.19345,-1.96678,-0.702829,-4.18325,-1.04813,-4.51852,3.80644,6.38043,gen=0_member=36,2.77e-05,2.77e-05,23.4052,10.1869,3.33325,10.1869,1,1,0,0,0,0
gen=0_member=39,-0.90724,-1.69952,-3.84558,-3.95603,-3.75695,-0.764032,-0.857365,-2.6972,2.28882,2.60955,gen=0_member=39,6.46e-05,6.46e-05,18.4839,4.89837,3.37675,4.89837,1,1,0,0,0,0
gen=0_member=42,-0.668579,-2.36871,-1.35279,-1.84644,-4.21248,-4.03869,-1.09534,-0.889424,4.6781,4.78891,gen=0_member=42,0.0,0.0,16.4724,9.46701,3.3900000000000003e+38,9.46701,1,1,0,0,0,0
gen=0_member=43,-0.340747,-3.59449,-4.28111,-4.01989,-4.57755,-2.41205,-1.39054,-1.50589,1.55753,1.17908,gen=0_member=43,4.67e-35,4.67e-35,22.1223,2.73661,4.88615,2.73661,1,1,0,0,0,0
gen=0_member=44,-3.37332,-4.40342,-3.98035,-3.89891,-2.51057,-2.27585,-4.0177,-4.24384,2.05087,1.56217,gen=0_member=44,4.79191,4.79191,28.704,3.61304,6.85888,3.61304,1,1,0,0,0,0
gen=0_member=45,-2.66931,-3.27714,-3.88615,-4.4618,-1.27426,-0.369557,-4.06289,-2.91254,1.48159,6.98241,gen=0_member=45,8.11e-05,8.11e-05,22.9137,8.46399,3.62755,8.46399,1,1,0,0,0,0
gen=0_member=47,-1.56845,-3.8057,-4.03919,-0.700915,-2.15131,-3.1684,-3.56686,-0.0594323,0.783612,2.36201,gen=0_member=47,0.000113447,0.000113447,19.0603,3.14562,3.97255,3.14562,1,1,0,0,0,0
gen=0_member=48,-3.35022,-4.60831,-3.25302,-0.523756,-0.7515,-3.18507,-2.14438,-1.9412,1.46031,3.46172,gen=0_member=48,2.77e-05,2.77e-05,19.7575,4.92203,3.67045,4.92203,1,1,0,0,0,0
gen=0_member=50,-3.09088,-1.17149,-3.47377,-3.336,-4.49849,-1.05224,-0.628612,-1.22153,2.46879,1.20481,gen=0_member=50,0.00014334,0.00014334,18.473,3.67359,3.65915,3.67359,1,1,0,0,0,0
gen=0_member=52,-4.34212,-1.71078,-1.29918,-1.30748,-3.46511,-1.45257,-3.34864,-4.45814,0.90481,0.706142,gen=0_member=52,2.4099999999999998e-24,2.4099999999999998e-24,21.384,1.61095,4.98055,1.61095,1,1,0,0,0,0
gen=0_member=53,-1.48401,-3.14809,-2.85485,-2.18742,-2.94725,-4.52729,-4.66422,-1.98544,3.52581,1.42191,gen=0_member=53,2.8e-05,2.8e-05,23.7986,4.94773,4.75235,4.94773,1,1,0,0,0,0
gen=0_member=54,-2.38583,-2.6587,-1.43734,-4.38374,-3.90949,-1.28463,-4.15769,-3.09295,1.10044,5.72588,gen=0_member=54,1.5499999999999998e-24,1.5499999999999998e-24,23.3104,6.82632,4.15305,6.82632,1,1,0,0,0,0
gen=0_member=58,-0.772572,-2.83205,-3.29807,-4.31977,-1.49238,-4.56572,-3.52488,-4.674,0.211533,1.65893,gen=0_member=58,3.10661,3.10661,25.4794,1.87047,6.42215,1.87047,1,1,0,0,0,0
gen=0_member=59,-3.64552,-4.65924,-3.56223,-3.32326,-0.1346,-0.0970489,-3.84329,-2.88554,6.27516,0.163988,gen=0_member=59,7.45e-07,7.45e-07,22.1507,6.43915,3.95485,6.43915,1,1,0,0,0,0
gen=0_member=60,-1.3317,-2.74694,-0.451511,-4.54057,-1.18278,-2.46349,-4.43474,-1.35884,4.1536,1.92518,gen=0_member=60,0.000119699,0.000119699,18.5106,6.07879,3.10255,6.07879,1,1,0,0,0,0
gen=0_member=61,-0.73685,-4.5854,-4.16439,-2.0439,-2.7969,-0.514838,-1.59226,-3.59379,0.0143761,0.303256,gen=0_member=61,5.4e-05,5.4e-05,20.0283,0.317632,4.92085,0.317632,1,1,0,0,0,0
gen=0_member=62,-0.0606321,-0.864687,-2.61091,-1.58689,-4.15121,-1.33416,-3.61808,-1.57191,0.698407,2.17573,gen=0_member=62,9.36e-05,9.36e-05,15.7985,2.87414,3.22745,2.87414,1,1,0,0,0,0
gen=0_member=63,-3.9382,-0.413203,-3.13455,-2.93983,-3.2624,-1.68728,-3.7137,-4.30911,0.451896,5.97703,gen=0_member=63,4.34e-05,4.34e-05,23.3983,6.42893,4.26945,6.42893,1,1,0,0,0,0
gen=0_member=64,-1.22769,-1.36844,-2.69061,-4.65104,-2.08183,-0.58837,-4.10501,-1.30411,4.2854,0.936229,gen=0_member=64,8.37e-05,8.37e-05,18.0171,5.22163,3.18675,5.22163,1,1,0,0,0,0
gen=0_member=65,-1.23874,-4.02172,-1.93329,-1.50211,-2.58787,-4.64544,-0.241652,-4.00421,0.535667,2.71446,gen=0_member=65,1.83e-18,1.83e-18,20.175,3.25012,4.21115,3.25012,1,1,0,0,0,0
gen=0_member=68,-2.25075,-3.68166,-2.56218,-4.59607,-1.75869,-3.10027,-3.90703,-2.532,2.13004,6.20486,gen=0_member=68,6.68e-06,6.68e-06,24.3886,8.3349,4.04825,8.3349,1,1,0,0,0,0
gen=0_member=70,-1.75009,-1.39905,-0.559761,-3.61118,-0.277149,-2.37452,-4.5241,-4.61181,0.769159,3.56354,gen=0_member=70,0.00014353,0.00014353,19.1077,4.3327,3.70575,4.3327,1,1,0,0,0,0
gen=0_member=71,-1.86741,-0.25818,-1.0265,-2.61516,-3.59571,-3.57533,-3.70192,-3.55301,3.15548,0.00446347,gen=0_member=71,2.11e-99,2.11e-99,20.1932,3.15995,4.27545,3.15995,1,1,0,0,0,0
gen=0_member=73,-1.70178,-1.64105,-0.942158,-2.29987,-2.61505,-0.426665,-1.01674,-4.08955,2.78361,4.59208,gen=0_member=73,0.000115317,0.000115317,14.7329,7.37568,1.80165,7.37568,1,1,0,0,0,0
gen=0_member=74,-4.19406,-1.10643,-0.604423,-1.65303,-4.11828,-4.1558,-3.05295,-1.63231,5.83126,0.66178,gen=0_member=74,0.0,0.0,20.5173,6.49304,3.51435,6.49304,1,1,0,0,0,0
gen=0_member=76,-2.78938,-3.40136,-3.70421,-1.67666,-1.28951,-3.95297,-4.70484,-4.34931,1.37602,2.53593,gen=0_member=76,0.8424,0.8424,25.8682,3.91195,5.78711,3.91195,1,1,0,0,0,0
gen=0_member=77,-0.00273738,-1.32742,-4.43622,-2.82631,-0.94284,-0.222438,-2.01906,-0.494841,2.39811,0.229444,gen=0_member=77,6.04e-05,6.04e-05,12.2719,2.62755,2.37175,2.62755,1,1,0,0,0,0
gen=0_member=78,-3.49103,-2.10664,-2.26236,-4.70298,-1.11812,-1.17252,-0.814821,-2.23129,4.56997,1.48986,gen=0_member=78,4.68e-05,4.68e-05,17.8998,6.05983,2.91775,6.05983,1,1,0,0,0,0
gen=0_member=79,-1.09798,-1.56896,-0.848237,-4.14606,-2.01637,-3.30205,-0.678589,-0.235024,4.44088,2.01517,gen=0_member=79,0.000238343,0.000238343,13.8933,6.45605,1.81485,6.45605,1,1,0,0,0,0
gen=0_member=82,-4.4657,-2.95393,-0.623436,-3.19744,-0.488768,-4.41121,-0.187266,-2.83602,1.74213,5.50357,gen=0_member=82,5.39e-05,5.39e-05,19.1638,7.2457,2.94405,7.2457,1,1,0,0,0,0
gen=0_member=83,-4.59652,-3.4521,-1.69536,-1.21585,-2.71422,-4.36205,-1.51752,-0.136381,5.38403,2.11012,gen=0_member=83,0.00026786,0.00026786,19.69,7.49415,3.04325,7.49415,1,1,0,0,0,0
gen=0_member=84,-1.28735,-0.556613,-3.32853,-0.747355,-4.35213,-0.81271,-3.98509,-0.472714,2.33989,5.13011,gen=0_member=84,8.34e-05,8.34e-05,15.5425,7.46999,2.01205,7.46999,1,1,0,0,0,0
gen=0_member=85,-2.15338,-3.92009,-2.72184,-2.09571,-1.87585,-0.933689,-4.60299,-2.33604,0.357888,6.23122,gen=0_member=85,8.46e-06,8.46e-06,20.6396,6.58911,3.49105,6.58911,1,1,0,0,0,0
gen=0_member=87,-1.53044,-2.07929,-3.90378,-2.43814,-1.72506,-3.39355,-1.26982,-3.86931,2.85494,1.29728,gen=0_member=87,0.000101195,0.000101195,20.2094,4.15223,3.99975,4.15223,1,1,0,0,0,0
gen=0_member=88,-3.42578,-3.30927,-2.50023,-2.39474,-0.046778,-2.84766,-2.71263,-0.346837,4.71079,1.74457,gen=0_member=88,0.00011735,0.00011735,17.5839,6.45536,2.75265,6.45536,1,1,0,0,0,0
gen=0_member=89,-4.17842,-0.632314,-1.75898,-2.71677,-2.30885,-1.40176,-3.26321,-3.74483,0.295189,6.05524,gen=0_member=89,2.59e-06,2.59e-06,20.0051,6.35043,3.39845,6.35043,1,1,0,0,0,0
gen=0_member=90,-4.45572,-1.27134,-4.63391,-1.41087,-2.40835,-4.25423,-0.550607,-1.24292,1.02174,6.56181,gen=0_member=90,5.63e-07,5.63e-07,20.2279,7.58355,3.11465,7.58355,1,1,0,0,0,0
gen=0_member=91,-0.598349,-2.77492,-4.74487,-0.24966,-4.72022,-3.76007,-2.48844,-0.698966,3.71277,2.84318,gen=0_member=91,0.0,0.0,20.0355,6.55595,3.39365,6.55595,1,1,0,0,0,0
gen=0_member=92,-1.01507,-0.0148437,-2.90149,-4.65693,-3.69869,-0.710298,-2.4301,-1.15993,6.74479,4.33475,gen=0_member=92,0.0,0.0,16.5873,11.0795,-5.1999999999999995e+39,11.0795,1,1,0,0,0,0
gen=0_member=94,-4.08632,-2.91653,-0.226169,-1.18449,-1.97961,-3.84137,-0.497309,-0.65309,4.90965,2.9528,gen=0_member=94,2.25e-05,2.25e-05,15.3849,7.86245,1.87815,7.86245,1,1,0,0,0,0
gen=0_member=95,-0.808402,-0.17837,-2.42207,-2.67134,-1.56621,-4.4218,-2.90077,-1.77623,1.12359,1.09025,gen=0_member=95,8.43e-06,8.43e-06,16.7452,2.21384,3.60045,2.21384,1,1,0,0,0,0
gen=0_member=96,-3.81256,-4.28279,-4.01679,-2.54926,-4.26527,-3.88876,-2.28163,-0.590759,0.599439,5.94447,gen=0_member=96,2.0499999999999997e-54,2.0499999999999997e-54,25.6878,6.54391,4.83155,6.54391,1,1,0,0,0,0
gen=0_member=99,-0.633913,-2.24882,-1.08884,-3.18149,-3.83612,-0.0630164,-0.21633,-3.33653,1.84865,3.98312,gen=0_member=99,4.29e-06,4.29e-06,14.6051,5.83177,2.17355,5.83177,1,1,0,0,0,0
gen=46_member=4536_pso,-4.75,-4.75,-4.75,0.0,-4.75,-4.75,-2.72325,-4.75,0.130993,7.0,gen=46_member=4536_pso,3.28001,3.28001,31.2233,7.13099,6.63666,7.13099,0,0,0,0,0,0
gen=103_member=10248_pso,-4.75,-4.75,-4.75,-0.157051,-4.58824,-4.75,-0.821728,-4.75,0.0,0.130393,gen=103_member=10248_pso,10.0539,10.0539,29.317,0.130393,8.14225,0.130393,0,0,0,0,0,0
gen=238_member=23799_pso,-4.75,-2.83151,-2.69323,0.0,-4.46442,-4.75,-4.75,-4.75,0.004021,4.92402,gen=238_member=23799_pso,3.39679,3.39679,28.9892,4.92804,6.63041,4.92804,0,0,0,0,0,0
gen=266_member=26625_pso,-4.75,-3.36991,-4.75,-1.59765,-4.65262,-4.75,0.0,-4.75,0.0,0.0,gen=266_member=26625_pso,9.36175,9.36175,28.6202,0.0,7.94255,0.0,0,0,0,0,0,0
gen=270_member=26997_pso,-4.75,-3.91644,-4.75,0.0,-4.55529,-4.75,-4.75,-4.75,7.0,0.133346,gen=270_member=26997_pso,4.69601,4.69601,32.2217,7.13335,6.80828,7.13335,0,0,0,0,0,0
gen=272_member=27162_pso,-4.75,-3.56105,-4.75,-1.63599,-4.75,-4.75,0.0,-4.75,0.0,0.0,gen=272_member=27162_pso,9.89381,9.89381,28.947,0.0,8.08025,0.0,0,0,0,0,0,0
gen=281_member=28033_pso,-4.75,-4.75,-4.75,0.0,-4.74059,-4.75,-2.91113,-4.75,0.129907,0.0,gen=281_member=28033_pso,11.8709,11.8709,31.4017,0.129907,8.72985,0.129907,0,0,0,0,0,0
gen=282_member=28168_pso,-4.75,-3.78875,-4.75,-1.47666,-4.74997,-4.75,0.0,-4.75,0.0,0.0,gen=282_member=28168_pso,9.95235,9.95235,29.0154,0.0,8.09785,0.0,0,0,0,0,0,0
gen=286_member=28556_pso,-4.75,-4.75,-4.75,0.0,-4.75,-4.75,-2.53802,-4.75,0.0,1.16225,gen=286_member=28556_pso,10.2539,10.2539,31.038,1.16225,8.32095,1.16225,0,0,0,0,0,0
gen=286_member=28615_pso,-4.75,-3.30808,-4.75,0.0,-4.40665,-4.75,-4.75,-4.75,7.0,0.13173,gen=286_member=28615_pso,3.74832,3.74832,31.4647,7.13173,6.5285,7.13173,0,0,0,0,0,0
gen=286_member=28627_pso,-4.75,-4.75,-4.75,-0.260121,-4.75,-4.75,0.0,-4.75,0.1733,0.0966448,gen=286_member=28627_pso,9.15852,9.15852,28.7601,0.269945,7.90535,0.269945,0,0,0,0,0,0
gen=287_member=28653_pso,-4.75,-4.75,-4.75,0.0,-4.75,-4.75,-4.75,-4.75,4.11903,0.0,gen=287_member=28653_pso,9.01525,9.01525,33.25,4.11903,8.10885,4.11903,0,0,0,0,0,0
gen=290_member=28961_pso,-4.75,-4.75,-4.75,0.0,-4.75,-4.75,0.0,-4.75,0.0,4.03328,gen=290_member=28961_pso,3.82143,3.82143,28.5,4.03328,6.69251,4.03328,0,0,0,0,0,0
gen=291_member=29079_pso,-4.75,-4.72302,-4.4082,0.0,-4.75,-4.75,-1.68748,-4.75,0.0,2.69117,gen=291_member=29079_pso,7.23296,7.23296,29.8187,2.69117,7.54855,2.69117,0,0,0,0,0,0
gen=292_member=29137_pso,-4.75,-4.75,-4.75,-0.329493,-4.75,-4.75,-0.403176,-4.75,7.0,0.864031,gen=292_member=29137_pso,0.36322,0.36322,29.2327,7.86403,5.50554,7.86403,1,1,0,0,0,0
gen=292_member=29154_pso,-4.75,-4.75,-4.75,0.0,-4.75,-4.75,0.0,-4.75,2.64414,1.52067,gen=292_member=29154_pso,3.9086,3.9086,28.5,4.16481,6.5944,4.16481,0,0,0,0,0,0
gen=292_member=29227_pso,-4.75,-4.75,-4.75,0.0,-4.75,-4.75,-4.75,-4.75,0.0,2.93407,gen=292_member=29227_pso,10.2627,10.2627,33.25,2.93407,8.48635,2.93407,0,0,0,0,0,0
gen=293_member=29246_pso,-4.75,-4.75,-4.75,-0.902894,-4.75,-4.75,0.0,-4.75,0.0,3.25188,gen=293_member=29246_pso,5.93441,5.93441,29.4029,3.25188,7.23005,3.25188,0,0,0,0,0,0
gen=293_member=29256_pso,-4.75,-4.49874,-4.75,0.0,-4.64006,-4.75,-0.570417,-4.75,5.66167,0.322763,gen=293_member=29256_pso,1.98058,1.98058,28.7092,5.98443,6.00835,5.98443,0,0,0,0,0,0
gen=293_member=29259_pso,-4.75,-4.75,-4.75,0.0,-4.75,-4.75,-0.791149,-4.75,5.80019,1.17289,gen=293_member=29259_pso,1.47711,1.47711,29.2911,6.97308,5.87964,6.97308,0,0,0,0,0,0
gen=293_member=29327_pso,-4.75,-4.75,-4.75,0.0,-4.75,-4.75,-1.65918,-4.75,4.30486,0.20524,gen=293_member=29327_pso,5.43698,5.43698,30.1592,4.5101,6.98712,4.5101,0,0,0,0,0,0
gen=294_member=29364_pso,-4.75,-4.75,-4.75,-0.162874,-4.75,-4.75,-1.16416,-4.75,5.98719,0.0,gen=294_member=29364_pso,3.16935,3.16935,29.827,5.98719,6.34211,5.98719,0,0,0,0,0,0
gen=294_member=29394_pso,-4.75,-4.75,-4.75,-1.77275,-4.75,-4.75,-2.81262,-4.75,5.21689,0.0,gen=294_member=29394_pso,7.67398,7.67398,33.0854,5.21689,7.71885,5.21689,0,0,0,0,0,0
gen=294_member=29425_pso,-4.75,-4.75,-4.75,-1.61134,-4.67743,-4.75,-0.444626,-4.75,3.43165,4.08453,gen=294_member=29425_pso,2.12208,2.12208,30.4834,7.51618,6.13588,7.51618,0,0,0,0,0,0
gen=295_member=29433_pso,-4.75,-4.75,-4.75,-0.623816,-4.75,-4.75,-2.59868,-4.75,5.58682,0.0,gen=295_member=29433_pso,5.91734,5.91734,31.7225,5.58682,7.14875,5.58682,0,0,0,0,0,0
gen=295_member=29447_pso,-4.75,-4.75,-4.75,-0.813974,-4.75,-4.75,0.0,-4.75,3.98723,0.0,gen=295_member=29447_pso,5.21014,5.21014,29.314,3.98723,6.90231,3.98723,0,0,0,0,0,0
gen=295_member=29477_pso,-4.75,-4.75,-4.75,0.0,-4.75,-4.75,0.0,-4.75,0.0,0.741874,gen=295_member=29477_pso,8.34283,8.34283,28.5,0.741874,7.71595,0.741874,0,0,0,0,0,0
gen=296_member=29541_pso,-4.75,-3.75498,-4.75,-0.348672,-4.74998,-4.75,-1.18422,-4.75,1.91454,0.0,gen=296_member=29541_pso,7.42336,7.42336,29.0379,1.91454,7.50735,1.91454,0,0,0,0,0,0
gen=296_member=29543_pso,-4.75,-4.75,-4.75,0.0,-4.75,-4.75,-3.07838,-4.75,0.0,0.960846,gen=296_member=29543_pso,11.0845,11.0845,31.5784,0.960846,8.56345,0.960846,0,0,0,0,0,0
gen=296_member=29545_pso,-4.75,-4.75,-4.75,0.0,-4.75,-4.75,-3.21586,-4.75,0.0,0.374212,gen=296_member=29545_pso,11.8464,11.8464,31.7159,0.374212,8.74985,0.374212,0,0,0,0,0,0
gen=296_member=29571_pso,-4.75,-4.75,-4.75,0.0,-4.75,-4.75,0.0,-4.75,5.94304,0.0,gen=296_member=29571_pso,1.79822,1.79822,28.5,5.94304,5.9515,5.94304,0,0,0,0,0,0
gen=296_member=29573_pso,-4.75,-4.70231,-4.75,-2.21109,-4.59311,-4.75,-0.266404,-4.75,1.69572,0.0,gen=296_member=29573_pso,9.45486,9.45486,30.7729,1.69572,8.08835,1.69572,0,0,0,0,0,0
gen=296_member=29574_pso,-4.75,-4.75,-4.75,0.0,-4.75,-4.75,-1.24409,-4.75,0.0,6.9846,gen=296_member=29574_pso,1.60255,1.60255,29.7441,6.9846,6.14307,6.9846,0,0,0,0,0,0
gen=296_member=29581_pso,-4.75,-4.75,-4.75,0.0,-4.75,-4.75,0.0,-4.75,1.36949,0.574002,gen=296_member=29581_pso,6.86633,6.86633,28.5,1.94349,7.36535,1.94349,0,0,0,0,0,0
gen=296_member=29584_pso,-4.75,-4.75,-4.75,-2.15941,-4.75,-4.75,0.0,-4.75,2.36842,4.41877,gen=296_member=29584_pso,3.11546,3.11546,30.6594,6.78719,6.46439,6.78719,0,0,0,0,0,0
gen=296_member=29609_pso,-4.75,-4.72193,-4.75,-0.00500749,-4.75,-4.75,-1.9842,-4.75,6.18403,1.08509,gen=296_member=29609_pso,2.38505,2.38505,30.4611,7.26912,6.14324,7.26912,0,0,0,0,0,0
gen=296_member=29611_pso,-4.75,-4.75,-4.75,-0.0658551,-4.75,-4.75,0.0,-4.75,0.0,2.64801,gen=296_member=29611_pso,5.82341,5.82341,28.5659,2.64801,7.16565,2.64801,0,0,0,0,0,0
gen=296_member=29623_pso,-4.75,-4.75,-4.75,0.0,-4.75,-4.75,-3.98953,-4.75,1.73657,1.86169,gen=296_member=29623_pso,8.96635,8.96635,32.4895,3.59826,8.09115,3.59826,0,0,0,0,0,0
gen=297_member=29629_pso,-4.75,-4.75,-4.75,0.0,-4.63913,-4.75,-0.858812,-4.75,3.10534,0.0,gen=297_member=29629_pso,6.19622,6.19622,29.2479,3.10534,7.17925,3.10534,0,0,0,0,0,0
gen=297_member=29630_pso,-4.75,-4.75,-4.75,0.0,-4.75,-4.75,-2.99606,-4.75,2.13957,0.0,gen=297_member=29630_pso,9.69753,9.69753,31.4961,2.13957,8.20645,2.13957,0,0,0,0,0,0
gen=297_member=29633_pso,-4.75,-4.75,-4.75,-0.271724,-4.68893,-4.75,0.0,-4.75,4.62145,1.92705,gen=297_member=29633_pso,1.09608,1.09608,28.7107,6.5485,5.78425,6.5485,0,0,0,0,0,0
gen=297_member=29644_pso,-4.75,-4.6672,-4.75,-4.03395,-4.69805,-4.75,0.0,-4.75,3.80871,0.0,gen=297_member=29644_pso,8.45425,8.45425,32.3992,3.80871,7.91385,3.80871,0,0,0,0,0,0
gen=297_member=29655_pso,-4.75,-4.51449,-4.75,-0.420082,-4.75,-4.75,-3.5654,-4.75,3.19967,2.182,gen=297_member=29655_pso,6.57428,6.57428,32.25,5.38167,7.44685,5.38167,0,0,0,0,0,0
gen=297_member=29664_pso,-4.75,-4.75,-4.75,0.0,-4.75,-4.75,-2.47286,-4.75,0.0,5.58438,gen=297_member=29664_pso,4.76764,4.76764,30.9729,5.58438,7.01782,5.58438,0,0,0,0,0,0
gen=297_member=29673_pso,-4.75,-4.75,-4.75,0.0,-4.75,-4.75,-0.0747583,-4.75,3.25723,1.18826,gen=297_member=29673_pso,3.65146,3.65146,28.5748,4.44549,6.50543,4.44549,0,0,0,0,0,0
gen=297_member=29694_pso,-4.75,-4.75,-4.75,0.0,-4.75,-4.75,-0.688773,-4.75,4.89084,0.0,gen=297_member=29694_pso,3.77435,3.77435,29.1888,4.89084,6.50543,4.89084,0,0,0,0,0,0
gen=297_member=29705_pso,-4.75,-4.75,-4.75,-0.220439,-4.75,-4.75,-1.71122,-4.75,0.0,6.12498,gen=297_member=29705_pso,3.62361,3.62361,30.4317,6.12498,6.70485,6.12498,0,0,0,0,0,0
gen=297_member=29706_pso,-4.75,-4.59711,-4.75,-1.62034,-4.75,-4.75,-0.670669,-4.75,0.883458,0.0,gen=297_member=29706_pso,10.27,10.27,30.6381,0.883458,8.27655,0.883458,0,0,0,0,0,0
gen=297_member=29709_pso,-4.75,-4.62905,-4.22229,-0.293372,-4.58452,-4.75,-4.75,-4.75,7.0,0.415117,gen=297_member=29709_pso,4.86389,4.86389,32.7292,7.41512,6.87384,7.41512,0,0,0,0,0,0
gen=298_member=29729_pso,-4.75,-4.75,-4.75,0.0,-4.75,-4.75,-0.426006,-4.75,0.0,1.40289,gen=298_member=29729_pso,7.93555,7.93555,28.926,1.40289,7.65375,1.40289,0,0,0,0,0,0
gen=298_member=29743_pso,-4.75,-4.69845,-1.0753,0.0,-4.55356,-4.75,-4.75,-4.75,0.0,6.94482,gen=298_member=29743_pso,1.019,1.019,29.3273,6.94482,6.00367,6.94482,0,0,0,0,0,0
gen=298_member=29749_pso,-4.75,-4.75,-4.75,0.0,-4.75,-4.75,0.0,-4.75,0.689985,1.99548,gen=298_member=29749_pso,5.71018,5.71018,28.5,2.68546,7.12105,2.68546,0,0,0,0,0,0
gen=298_member=29755_pso,-4.75,-4.75,-4.75,0.0,-4.75,-4.75,-3.56131,-4.75,4.54269,1.01985,gen=298_member=29755_pso,6.2145,6.2145,32.0613,5.56254,7.28765,5.56254,0,0,0,0,0,0
gen=298_member=29773_pso,-4.75,-4.75,-4.75,0.0,-4.75,-4.75,-4.75,-4.75,0.0,3.08551,gen=298_member=29773_pso,10.103,10.103,33.25,3.08551,8.44715,3.08551,0,0,0,0,0,0
gen=298_member=29776_pso,-4.75,-4.75,-4.75,-2.10374,-4.75,-4.75,-4.75,-4.75,4.56573,0.311283,gen=298_member=29776_pso,10.0101,10.0101,35.3537,4.87701,8.51635,4.87701,0,0,0,0,0,0
gen=298_member=29791_pso,-4.75,-4.50985,-4.75,0.0,-4.75,-4.75,-4.75,-4.75,1.63815,2.17316,gen=298_member=29791_pso,9.15263,9.15263,33.0099,3.81131,8.17345,3.81131,0,0,0,0,0,0
gen=298_member=29794_pso,-4.75,-4.75,-4.75,0.0,-4.75,-4.75,-2.40951,-4.75,1.82448,0.540339,gen=298_member=29794_pso,8.80466,8.80466,30.9095,2.36482,7.94535,2.36482,0,0,0,0,0,0
gen=298_member=29795_pso,-4.75,-4.75,-4.75,0.0,-4.75,-4.75,-4.75,-4.75,3.46447,1.74248,gen=298_member=29795_pso,7.87061,7.87061,33.25,5.20695,7.82775,5.20695,0,0,0,0,0,0
gen=298_member=29797_pso,-4.75,-4.75,-4.71534,-0.54482,-4.41922,-4.75,-4.75,-4.75,1.38333,4.87946,gen=298_member=29797_pso,6.69849,6.69849,33.4294,6.26279,7.58665,6.26279,0,0,0,0,0,0
gen=298_member=29804_pso,-4.75,-4.75,-4.75,0.0,-4.75,-4.75,-4.75,-4.75,1.98103,3.74499,gen=298_member=29804_pso,7.11272,7.11272,33.25,5.72602,7.67015,5.72602,0,0,0,0,0,0
gen=298_member=29809_pso,-4.75,-4.71064,-4.49,-0.557023,-4.65587,-4.75,0.0,-4.75,7.0,0.488437,gen=298_member=29809_pso,0.235343,0.235343,28.6635,7.48844,5.44505,7.48844,1,1,0,0,0,0
gen=298_member=29810_pso,-4.75,-4.75,-4.75,0.0,-4.75,-4.75,-4.75,-4.75,1.2036,0.958595,gen=298_member=29810_pso,11.287,11.287,33.25,2.1622,8.72095,2.1622,0,0,0,0,0,0
gen=298_member=29825_pso,-4.75,-4.75,-4.75,0.0,-4.75,-4.75,0.0,-4.75,0.0,1.44061,gen=298_member=29825_pso,7.48383,7.48383,28.5,1.44061,7.52995,1.44061,0,0,0,0,0,0
gen=298_member=29826_pso,-4.75,-4.75,-4.75,-1.02621,-4.48909,-4.75,-1.96732,-4.75,3.28182,0.0,gen=298_member=29826_pso,8.05241,8.05241,31.2326,3.28182,7.75125,3.28182,0,0,0,0,0,0
gen=299_member=29840_pso,-4.75,-4.75,-4.75,-3.44407,-4.75,-4.75,-0.467636,-4.75,2.81429,2.20601,gen=299_member=29840_pso,7.15522,7.15522,32.4117,5.0203,7.61125,5.0203,0,0,0,0,0,0
gen=299_member=29856_pso,-4.75,-3.76782,-4.75,0.0,-4.75,-4.75,-4.3427,-4.75,5.76736,0.700197,gen=299_member=29856_pso,5.08184,5.08184,31.8605,6.46756,6.92728,6.46756,0,0,0,0,0,0
gen=299_member=29859_pso,-4.75,-4.75,-4.75,0.0,-4.75,-4.75,0.0,-4.75,0.0,1.04837,gen=299_member=29859_pso,7.9665,7.9665,28.5,1.04837,7.63475,1.04837,0,0,0,0,0,0
gen=299_member=29861_pso,-4.75,-4.75,-4.75,-0.132372,-4.75,-4.75,0.0,-4.75,6.2711,0.283292,gen=299_member=29861_pso,1.02468,1.02468,28.6324,6.55439,5.73511,6.55439,0,0,0,0,0,0
gen=299_member=29862_pso,-4.75,-4.75,-4.75,-0.876315,-4.75,-4.75,-2.72006,-4.75,2.96036,0.0,gen=299_member=29862_pso,9.2951,9.2951,32.0964,2.96036,8.13455,2.96036,0,0,0,0,0,0
gen=299_member=29868_pso,-4.75,-4.75,-4.75,0.0,-4.75,-4.75,-1.60801,-4.75,0.0,1.12118,gen=299_member=29868_pso,9.55758,9.55758,30.108,1.12118,8.09035,1.12118,0,0,0,0,0,0
gen=299_member=29876_pso,-4.75,-4.44201,-4.75,0.0,-4.75,-4.75,-4.17526,-4.75,2.72646,1.97936,gen=299_member=29876_pso,7.45338,7.45338,32.3673,4.70582,7.68835,4.70582,0,0,0,0,0,0
gen=299_member=29891_pso,-4.75,-4.66427,-4.75,-4.5654,-4.75,-4.75,0.0,-4.75,1.99819,0.346005,gen=299_member=29891_pso,10.6877,10.6877,32.9797,2.3442,8.54285,2.3442,0,0,0,0,0,0
gen=299_member=29894_pso,-4.75,-4.75,-4.75,0.0,-4.75,-4.75,-4.59982,-4.75,1.00776,3.02284,gen=299_member=29894_pso,8.9909,8.9909,33.0998,4.0306,8.14855,4.0306,0,0,0,0,0,0
gen=299_member=29899_pso,-4.75,-4.75,-4.75,0.0,-4.75,-4.75,0.0,-4.75,7.0,0.70048,gen=299_member=29899_pso,0.0552202,0.0552202,28.5,7.70048,5.32725,7.70048,1,1,0,0,0,0
gen=299_member=29903_pso,-4.75,-4.75,-4.75,0.0,-4.75,-4.75,-0.738649,-4.75,6.29028,0.0,gen=299_member=29903_pso,2.20445,2.20445,29.2386,6.29028,6.06667,6.29028,0,0,0,0,0,0
gen=299_member=29905_pso,-4.75,-4.75,-4.75,-0.808484,-4.75,-4.75,-1.12547,-4.75,1.50712,6.24432,gen=299_member=29905_pso,1.54616,1.54616,30.434,7.75144,6.04459,7.75144,0,0,0,0,0,0
gen=299_member=29925_pso,-4.75,-4.75,-4.75,0.0,-4.75,-4.75,-0.184746,-4.75,4.11522,1.05821,gen=299_member=29925_pso,2.90545,2.90545,28.6847,5.17343,6.28629,5.17343,0,0,0,0,0,0
gen=300_member=29929_pso,-4.75,-4.75,-4.75,0.0,-4.75,-4.75,0.0,-4.75,4.74137,0.964818,gen=300_member=29929_pso,1.83632,1.83632,28.5,5.70619,5.98393,5.70619,0,0,0,0,0,0
gen=300_member=29933_pso,-4.75,-4.75,-4.75,0.0,-4.75,-4.75,0.0,-4.75,6.25828,0.0,gen=300_member=29933_pso,1.2087,1.2087,28.5,6.25828,5.78671,6.25828,0,0,0,0,0,0
gen=300_member=29935_pso,-4.75,-4.25175,-4.75,-1.12185,-4.66722,-4.75,0.0,-4.75,1.72,0.0,gen=300_member=29935_pso,7.66006,7.66006,29.0408,1.72,7.56605,1.72,0,0,0,0,0,0
gen=300_member=29939_pso,-4.75,-2.98297,-4.75,-2.58732,-4.65196,-4.75,-0.364899,-4.75,4.70357,1.04324,gen=300_member=29939_pso,3.19435,3.19435,29.5871,5.74681,6.37337,5.74681,0,0,0,0,0,0
gen=300_member=29940_pso,-4.75,-4.75,-4.75,0.0,-4.75,-4.75,-2.04894,-4.75,0.0,0.526195,gen=300_member=29940_pso,10.6059,10.6059,30.5489,0.526195,8.35885,0.526195,0,0,0,0,0,0
gen=300_member=29941_pso,-4.75,-4.75,-4.75,-3.29832,-4.75,-4.75,0.0,-4.75,0.211558,4.47217,gen=300_member=29941_pso,6.76889,6.76889,31.7983,4.68373,7.54125,4.68373,0,0,0,0,0,0
gen=300_member=29948_pso,-4.75,-4.75,-4.75,0.0,-4.75,-4.75,-0.660757,-4.75,6.46181,1.2162,gen=300_member=29948_pso,0.447366,0.447366,29.1608,7.67801,5.54581,7.67801,1,1,0,0,0,0
gen=300_member=29954_pso,-4.75,-4.75,-4.75,0.0,-4.75,-4.75,-1.72751,-4.75,2.98138,2.404,gen=300_member=29954_pso,4.26475,4.26475,30.2275,5.38538,6.73648,5.38538,0,0,0,0,0,0
gen=300_member=29956_pso,-4.75,-4.75,-4.50848,-2.88393,-4.75,-4.75,0.0,-4.75,2.29319,0.0559634,gen=300_member=29956_pso,9.02355,9.02355,31.1424,2.34915,8.00325,2.34915,0,0,0,0,0,0
gen=300_member=29963_pso,-4.75,-4.75,-4.75,0.0,-4.61652,-4.75,-3.17893,-4.75,1.89385,3.13257,gen=300_member=29963_pso,6.11976,6.11976,31.5455,5.02642,7.34075,5.02642,0,0,0,0,0,0
gen=300_member=29964_pso,-4.75,-4.73879,-3.38505,0.0,-4.66564,-4.75,-4.75,-4.75,3.3202,0.494285,gen=300_member=29964_pso,8.15651,8.15651,31.7895,3.81448,7.81225,3.81448,0,0,0,0,0,0
gen=300_member=29970_pso,-4.75,-4.75,-4.75,0.0,-4.75,-4.75,-1.10198,-4.75,7.0,0.891892,gen=300_member=29970_pso,0.82622,0.82622,29.602,7.89189,5.67511,7.89189,1,1,0,0,0,0
gen=300_member=29975_pso,-4.75,-4.75,-4.75,-0.569451,-4.75,-4.75,-1.47539,-4.75,0.0,3.63674,gen=300_member=29975_pso,6.80762,6.80762,30.5448,3.63674,7.48975,3.63674,0,0,0,0,0,0
gen=300_member=29978_pso,-4.75,-4.75,-4.75,0.0,-4.75,-4.75,-0.78032,-4.75,0.0,3.3201,gen=300_member=29978_pso,5.7324,5.7324,29.2803,3.3201,7.17765,3.3201,0,0,0,0,0,0
gen=300_member=29981_pso,-4.75,-4.75,-4.75,-1.67699,-4.75,-4.75,0.0,-4.75,1.07148,3.15809,gen=300_member=29981_pso,5.54753,5.54753,30.177,4.22957,7.14915,4.22957,0,0,0,0,0,0
gen=300_member=29993_pso,-4.75,-4.75,-4.75,0.0,-4.75,-4.75,0.0,-4.75,1.23327,2.33719,gen=300_member=29993_pso,4.62818,4.62818,28.5,3.57046,6.84887,3.57046,0,0,0,0,0,0
gen=300_member=29994_pso,-4.75,-4.75,-4.75,0.0,-4.75,-4.75,-0.772626,-4.75,0.79656,0.0,gen=300_member=29994_pso,9.2207,9.2207,29.2726,0.79656,7.94395,0.79656,0,0,0,0,0,0
gen=300_member=30000_pso,-4.75,-4.75,-4.75,0.0,-4.75,-4.75,-4.75,-4.75,7.0,0.962045,gen=300_member=30000_pso,4.76073,4.76073,33.25,7.96204,6.86664,7.96204,0,0,0,0,0,0
gen=300_member=30002_pso,-4.75,-4.75,-4.75,0.0,-4.75,-4.75,-0.701896,-4.75,0.0,2.98713,gen=300_member=30002_pso,6.05228,6.05228,29.2019,2.98713,7.24755,2.98713,0,0,0,0,0,0
gen=300_member=30003_pso,-4.75,-4.12598,-4.75,-1.70123,-4.75,-4.75,-4.00027,-4.75,6.32576,0.358821,gen=300_member=30003_pso,6.59358,6.59358,33.5775,6.68458,7.40615,6.68458,0,0,0,0,0,0
gen=300_member=30005_pso,-4.75,-4.64166,-4.75,-1.61001,-4.75,-4.75,-2.99844,-4.75,1.89997,0.0,gen=300_member=30005_pso,11.3494,11.3494,33.0001,1.89997,8.71555,1.89997,0,0,0,0,0,0
gen=300_member=30018_pso,-4.75,-4.75,-4.75,0.0,-4.75,-4.75,-3.03568,-4.75,0.0,1.34339,gen=300_member=30018_pso,10.6258,10.6258,31.5357,1.34339,8.45395,1.34339,0,0,0,0,0,0
gen=300_member=30027_pso,-4.75,-4.65773,-4.75,-1.56454,-4.75,-4.75,0.0,-4.75,0.270912,0.211065,gen=300_member=30027_pso,10.1901,10.1901,29.9723,0.481977,8.21695,0.481977,0,0,0,0,0,0
